Input.image_url1,Input.image_url2,Input.image_url3,Input.image_url4,Input.image_url5,Input.image_url6,Input.image_url7,Input.image_url8,Input.image_url9,Input.image_url10,Answer.category1,Answer.category1.label,Answer.category10,Answer.category10.label,Answer.category2,Answer.category2.label,Answer.category3,Answer.category3.label,Answer.category4,Answer.category4.label,Answer.category5,Answer.category5.label,Answer.category6,Answer.category6.label,Answer.category7,Answer.category7.label,Answer.category8,Answer.category8.label,Answer.category9,Answer.category9.label,Approve,Reject,answer1,answer2,answer3,answer4,answer5,answer6,answer7,answer8,answer9,answer10,test1,validcorrect
https://amt-omiddavoodi.s3.us-east-2.amazonaws.com/ntask1/attempt16/223-protopnet-ace-cub.png,https://amt-omiddavoodi.s3.us-east-2.amazonaws.com/ntask1/attempt16/252-deformable-tesnet-cars.png,https://amt-omiddavoodi.s3.us-east-2.amazonaws.com/ntask1/attempt16/103-ace-protopool-cars.png,https://amt-omiddavoodi.s3.us-east-2.amazonaws.com/ntask1/attempt16/6-protopnet-tesnet-cars.png,https://amt-omiddavoodi.s3.us-east-2.amazonaws.com/ntask1/attempt16/128-protopool-sparrow-imagenet.png,https://amt-omiddavoodi.s3.us-east-2.amazonaws.com/ntask1/attempt16/12-protopnet-deformable-cars.png,https://amt-omiddavoodi.s3.us-east-2.amazonaws.com/ntask1/attempt16valid/64-protopnet-ace-cars.png,https://amt-omiddavoodi.s3.us-east-2.amazonaws.com/ntask1/attempt16/36-ace-prototree-cub.png,https://amt-omiddavoodi.s3.us-east-2.amazonaws.com/ntask1/attempt16/50-tesnet-protopool-cub.png,https://amt-omiddavoodi.s3.us-east-2.amazonaws.com/ntask1/attempt16valid/95-sparrow-ace-cub.png,None,,None,None,Left,,None,,Right,,Both,,Right,,None,,Both,,Both,,,Failed Validation,None,Left,None,Right,Both,Right,None,Both,Both,None,nonequal,2
https://amt-omiddavoodi.s3.us-east-2.amazonaws.com/ntask1/attempt16/223-protopnet-ace-cub.png,https://amt-omiddavoodi.s3.us-east-2.amazonaws.com/ntask1/attempt16/252-deformable-tesnet-cars.png,https://amt-omiddavoodi.s3.us-east-2.amazonaws.com/ntask1/attempt16/103-ace-protopool-cars.png,https://amt-omiddavoodi.s3.us-east-2.amazonaws.com/ntask1/attempt16/6-protopnet-tesnet-cars.png,https://amt-omiddavoodi.s3.us-east-2.amazonaws.com/ntask1/attempt16/128-protopool-sparrow-imagenet.png,https://amt-omiddavoodi.s3.us-east-2.amazonaws.com/ntask1/attempt16/12-protopnet-deformable-cars.png,https://amt-omiddavoodi.s3.us-east-2.amazonaws.com/ntask1/attempt16valid/64-protopnet-ace-cars.png,https://amt-omiddavoodi.s3.us-east-2.amazonaws.com/ntask1/attempt16/36-ace-prototree-cub.png,https://amt-omiddavoodi.s3.us-east-2.amazonaws.com/ntask1/attempt16/50-tesnet-protopool-cub.png,https://amt-omiddavoodi.s3.us-east-2.amazonaws.com/ntask1/attempt16valid/95-sparrow-ace-cub.png,None,,None,None,Both,,None,,Right,,Both,,Right,,None,,Both,,Both,,x,,None,Both,None,Right,Both,Right,None,Both,Both,None,nonequal,2
https://amt-omiddavoodi.s3.us-east-2.amazonaws.com/ntask1/attempt16/136-ace-deformable-cars.png,https://amt-omiddavoodi.s3.us-east-2.amazonaws.com/ntask1/attempt16/15-tesnet-protopnet-imagenet.png,https://amt-omiddavoodi.s3.us-east-2.amazonaws.com/ntask1/attempt16/26-prototree-protopnet-cars.png,https://amt-omiddavoodi.s3.us-east-2.amazonaws.com/ntask1/attempt16/66-sparrow-protopool-cub.png,https://amt-omiddavoodi.s3.us-east-2.amazonaws.com/ntask1/attempt16/32-sparrow-deformable-cars.png,https://amt-omiddavoodi.s3.us-east-2.amazonaws.com/ntask1/attempt16valid/57-protopnet-sparrow-cars.png,https://amt-omiddavoodi.s3.us-east-2.amazonaws.com/ntask1/attempt16/239-ace-deformable-imagenet.png,https://amt-omiddavoodi.s3.us-east-2.amazonaws.com/ntask1/attempt16/111-protopool-prototree-imagenet.png,https://amt-omiddavoodi.s3.us-east-2.amazonaws.com/ntask1/attempt16/199-ace-protopool-imagenet.png,https://amt-omiddavoodi.s3.us-east-2.amazonaws.com/ntask1/attempt16valid/77-ace-sparrow-cars.png,None,,None,None,Both,,None,,None,,Right,,None,,Left,,Both,,None,,,Failed Validation,None,Both,None,None,Right,None,Left,Both,None,None,nonequal,2
https://amt-omiddavoodi.s3.us-east-2.amazonaws.com/ntask1/attempt16/136-ace-deformable-cars.png,https://amt-omiddavoodi.s3.us-east-2.amazonaws.com/ntask1/attempt16/15-tesnet-protopnet-imagenet.png,https://amt-omiddavoodi.s3.us-east-2.amazonaws.com/ntask1/attempt16/26-prototree-protopnet-cars.png,https://amt-omiddavoodi.s3.us-east-2.amazonaws.com/ntask1/attempt16/66-sparrow-protopool-cub.png,https://amt-omiddavoodi.s3.us-east-2.amazonaws.com/ntask1/attempt16/32-sparrow-deformable-cars.png,https://amt-omiddavoodi.s3.us-east-2.amazonaws.com/ntask1/attempt16valid/57-protopnet-sparrow-cars.png,https://amt-omiddavoodi.s3.us-east-2.amazonaws.com/ntask1/attempt16/239-ace-deformable-imagenet.png,https://amt-omiddavoodi.s3.us-east-2.amazonaws.com/ntask1/attempt16/111-protopool-prototree-imagenet.png,https://amt-omiddavoodi.s3.us-east-2.amazonaws.com/ntask1/attempt16/199-ace-protopool-imagenet.png,https://amt-omiddavoodi.s3.us-east-2.amazonaws.com/ntask1/attempt16valid/77-ace-sparrow-cars.png,None,,None,None,Both,,Left,,None,,Right,,None,,Left,,Both,,Right,,x,,None,Both,Left,None,Right,None,Left,Both,Right,None,nonequal,2
https://amt-omiddavoodi.s3.us-east-2.amazonaws.com/ntask1/attempt16valid/30-sparrow-deformable-cub.png,https://amt-omiddavoodi.s3.us-east-2.amazonaws.com/ntask1/attempt16/214-tesnet-sparrow-cub.png,https://amt-omiddavoodi.s3.us-east-2.amazonaws.com/ntask1/attempt16/180-tesnet-sparrow-cars.png,https://amt-omiddavoodi.s3.us-east-2.amazonaws.com/ntask1/attempt16/204-sparrow-deformable-cub.png,https://amt-omiddavoodi.s3.us-east-2.amazonaws.com/ntask1/attempt16/228-tesnet-deformable-cub.png,https://amt-omiddavoodi.s3.us-east-2.amazonaws.com/ntask1/attempt16/51-deformable-protopnet-cars.png,https://amt-omiddavoodi.s3.us-east-2.amazonaws.com/ntask1/attempt16/220-deformable-prototree-cars.png,https://amt-omiddavoodi.s3.us-east-2.amazonaws.com/ntask1/attempt16valid/27-tesnet-ace-cars.png,https://amt-omiddavoodi.s3.us-east-2.amazonaws.com/ntask1/attempt16/65-tesnet-sparrow-imagenet.png,https://amt-omiddavoodi.s3.us-east-2.amazonaws.com/ntask1/attempt16/143-protopool-deformable-cars.png,None,,Right,Right,Left,,Right,,Both,,Right,,None,,Right,,None,,Left,,,Failed Validation,None,Left,Right,Both,Right,None,Right,None,Left,Right,nonequal,1
https://amt-omiddavoodi.s3.us-east-2.amazonaws.com/ntask1/attempt16valid/30-sparrow-deformable-cub.png,https://amt-omiddavoodi.s3.us-east-2.amazonaws.com/ntask1/attempt16/214-tesnet-sparrow-cub.png,https://amt-omiddavoodi.s3.us-east-2.amazonaws.com/ntask1/attempt16/180-tesnet-sparrow-cars.png,https://amt-omiddavoodi.s3.us-east-2.amazonaws.com/ntask1/attempt16/204-sparrow-deformable-cub.png,https://amt-omiddavoodi.s3.us-east-2.amazonaws.com/ntask1/attempt16/228-tesnet-deformable-cub.png,https://amt-omiddavoodi.s3.us-east-2.amazonaws.com/ntask1/attempt16/51-deformable-protopnet-cars.png,https://amt-omiddavoodi.s3.us-east-2.amazonaws.com/ntask1/attempt16/220-deformable-prototree-cars.png,https://amt-omiddavoodi.s3.us-east-2.amazonaws.com/ntask1/attempt16valid/27-tesnet-ace-cars.png,https://amt-omiddavoodi.s3.us-east-2.amazonaws.com/ntask1/attempt16/65-tesnet-sparrow-imagenet.png,https://amt-omiddavoodi.s3.us-east-2.amazonaws.com/ntask1/attempt16/143-protopool-deformable-cars.png,None,,Right,Right,Left,,Both,,Both,,Both,,None,,Right,,Left,,Left,,x,,None,Left,Both,Both,Both,None,Right,Left,Left,Right,nonequal,1
https://amt-omiddavoodi.s3.us-east-2.amazonaws.com/ntask1/attempt16/21-protopool-ace-imagenet.png,https://amt-omiddavoodi.s3.us-east-2.amazonaws.com/ntask1/attempt16/129-sparrow-protopnet-imagenet.png,https://amt-omiddavoodi.s3.us-east-2.amazonaws.com/ntask1/attempt16/60-sparrow-protopnet-imagenet.png,https://amt-omiddavoodi.s3.us-east-2.amazonaws.com/ntask1/attempt16/254-deformable-prototree-cars.png,https://amt-omiddavoodi.s3.us-east-2.amazonaws.com/ntask1/attempt16valid/37-ace-protopnet-cars.png,https://amt-omiddavoodi.s3.us-east-2.amazonaws.com/ntask1/attempt16/268-prototree-sparrow-imagenet.png,https://amt-omiddavoodi.s3.us-east-2.amazonaws.com/ntask1/attempt16/194-protopool-ace-cars.png,https://amt-omiddavoodi.s3.us-east-2.amazonaws.com/ntask1/attempt16/226-prototree-protopnet-imagenet.png,https://amt-omiddavoodi.s3.us-east-2.amazonaws.com/ntask1/attempt16/201-deformable-prototree-cars.png,https://amt-omiddavoodi.s3.us-east-2.amazonaws.com/ntask1/attempt16valid/56-protopnet-tesnet-cars.png,Left,,Right,Right,Right,,Right,,None,,None,,Right,,Right,,Right,,Right,,,Failed Validation,Left,Right,Right,None,None,Right,Right,Right,Right,Right,nonequal,2
https://amt-omiddavoodi.s3.us-east-2.amazonaws.com/ntask1/attempt16/21-protopool-ace-imagenet.png,https://amt-omiddavoodi.s3.us-east-2.amazonaws.com/ntask1/attempt16/129-sparrow-protopnet-imagenet.png,https://amt-omiddavoodi.s3.us-east-2.amazonaws.com/ntask1/attempt16/60-sparrow-protopnet-imagenet.png,https://amt-omiddavoodi.s3.us-east-2.amazonaws.com/ntask1/attempt16/254-deformable-prototree-cars.png,https://amt-omiddavoodi.s3.us-east-2.amazonaws.com/ntask1/attempt16valid/37-ace-protopnet-cars.png,https://amt-omiddavoodi.s3.us-east-2.amazonaws.com/ntask1/attempt16/268-prototree-sparrow-imagenet.png,https://amt-omiddavoodi.s3.us-east-2.amazonaws.com/ntask1/attempt16/194-protopool-ace-cars.png,https://amt-omiddavoodi.s3.us-east-2.amazonaws.com/ntask1/attempt16/226-prototree-protopnet-imagenet.png,https://amt-omiddavoodi.s3.us-east-2.amazonaws.com/ntask1/attempt16/201-deformable-prototree-cars.png,https://amt-omiddavoodi.s3.us-east-2.amazonaws.com/ntask1/attempt16valid/56-protopnet-tesnet-cars.png,Left,,Right,Right,Right,,Right,,Right,,None,,Both,,Right,,Both,,Right,,x,,Left,Right,Right,Right,None,Both,Right,Both,Right,Right,nonequal,2
https://amt-omiddavoodi.s3.us-east-2.amazonaws.com/ntask1/attempt16/230-prototree-protopool-imagenet.png,https://amt-omiddavoodi.s3.us-east-2.amazonaws.com/ntask1/attempt16/227-protopool-tesnet-cars.png,https://amt-omiddavoodi.s3.us-east-2.amazonaws.com/ntask1/attempt16/163-protopnet-ace-cub.png,https://amt-omiddavoodi.s3.us-east-2.amazonaws.com/ntask1/attempt16/77-deformable-tesnet-cub.png,https://amt-omiddavoodi.s3.us-east-2.amazonaws.com/ntask1/attempt16/69-sparrow-protopool-imagenet.png,https://amt-omiddavoodi.s3.us-east-2.amazonaws.com/ntask1/attempt16valid/64-protopnet-ace-cars.png,https://amt-omiddavoodi.s3.us-east-2.amazonaws.com/ntask1/attempt16/29-deformable-protopnet-cars.png,https://amt-omiddavoodi.s3.us-east-2.amazonaws.com/ntask1/attempt16/3-sparrow-ace-cars.png,https://amt-omiddavoodi.s3.us-east-2.amazonaws.com/ntask1/attempt16/117-prototree-protopool-imagenet.png,https://amt-omiddavoodi.s3.us-east-2.amazonaws.com/ntask1/attempt16valid/89-ace-tesnet-cars.png,Both,,None,None,Left,,Right,,Left,,Right,,None,,Left,,Right,,Right,,,Failed Validation,Both,Left,Right,Left,Right,None,Left,Right,Right,None,nonequal,1
https://amt-omiddavoodi.s3.us-east-2.amazonaws.com/ntask1/attempt16/230-prototree-protopool-imagenet.png,https://amt-omiddavoodi.s3.us-east-2.amazonaws.com/ntask1/attempt16/227-protopool-tesnet-cars.png,https://amt-omiddavoodi.s3.us-east-2.amazonaws.com/ntask1/attempt16/163-protopnet-ace-cub.png,https://amt-omiddavoodi.s3.us-east-2.amazonaws.com/ntask1/attempt16/77-deformable-tesnet-cub.png,https://amt-omiddavoodi.s3.us-east-2.amazonaws.com/ntask1/attempt16/69-sparrow-protopool-imagenet.png,https://amt-omiddavoodi.s3.us-east-2.amazonaws.com/ntask1/attempt16valid/64-protopnet-ace-cars.png,https://amt-omiddavoodi.s3.us-east-2.amazonaws.com/ntask1/attempt16/29-deformable-protopnet-cars.png,https://amt-omiddavoodi.s3.us-east-2.amazonaws.com/ntask1/attempt16/3-sparrow-ace-cars.png,https://amt-omiddavoodi.s3.us-east-2.amazonaws.com/ntask1/attempt16/117-prototree-protopool-imagenet.png,https://amt-omiddavoodi.s3.us-east-2.amazonaws.com/ntask1/attempt16valid/89-ace-tesnet-cars.png,Both,,Right,Right,Both,,Both,,Both,,Right,,None,,Left,,Right,,Both,,x,,Both,Both,Both,Both,Right,None,Left,Right,Both,Right,nonequal,2
https://amt-omiddavoodi.s3.us-east-2.amazonaws.com/ntask1/attempt16/236-tesnet-ace-cars.png,https://amt-omiddavoodi.s3.us-east-2.amazonaws.com/ntask1/attempt16/115-protopnet-ace-imagenet.png,https://amt-omiddavoodi.s3.us-east-2.amazonaws.com/ntask1/attempt16/18-sparrow-deformable-cars.png,https://amt-omiddavoodi.s3.us-east-2.amazonaws.com/ntask1/attempt16/225-protopool-protopnet-cars.png,https://amt-omiddavoodi.s3.us-east-2.amazonaws.com/ntask1/attempt16/237-prototree-ace-cub.png,https://amt-omiddavoodi.s3.us-east-2.amazonaws.com/ntask1/attempt16/121-ace-prototree-imagenet.png,https://amt-omiddavoodi.s3.us-east-2.amazonaws.com/ntask1/attempt16/4-sparrow-protopool-cub.png,https://amt-omiddavoodi.s3.us-east-2.amazonaws.com/ntask1/attempt16valid/11-protopnet-sparrow-cub.png,https://amt-omiddavoodi.s3.us-east-2.amazonaws.com/ntask1/attempt16/109-protopool-sparrow-cub.png,https://amt-omiddavoodi.s3.us-east-2.amazonaws.com/ntask1/attempt16valid/58-tesnet-prototree-cub.png,None,,None,None,Both,,Both,,None,,Right,,None,,None,,None,,Right,,,Failed Validation,None,Both,Both,None,Right,None,None,None,Right,None,nonequal,1
https://amt-omiddavoodi.s3.us-east-2.amazonaws.com/ntask1/attempt16/236-tesnet-ace-cars.png,https://amt-omiddavoodi.s3.us-east-2.amazonaws.com/ntask1/attempt16/115-protopnet-ace-imagenet.png,https://amt-omiddavoodi.s3.us-east-2.amazonaws.com/ntask1/attempt16/18-sparrow-deformable-cars.png,https://amt-omiddavoodi.s3.us-east-2.amazonaws.com/ntask1/attempt16/225-protopool-protopnet-cars.png,https://amt-omiddavoodi.s3.us-east-2.amazonaws.com/ntask1/attempt16/237-prototree-ace-cub.png,https://amt-omiddavoodi.s3.us-east-2.amazonaws.com/ntask1/attempt16/121-ace-prototree-imagenet.png,https://amt-omiddavoodi.s3.us-east-2.amazonaws.com/ntask1/attempt16/4-sparrow-protopool-cub.png,https://amt-omiddavoodi.s3.us-east-2.amazonaws.com/ntask1/attempt16valid/11-protopnet-sparrow-cub.png,https://amt-omiddavoodi.s3.us-east-2.amazonaws.com/ntask1/attempt16/109-protopool-sparrow-cub.png,https://amt-omiddavoodi.s3.us-east-2.amazonaws.com/ntask1/attempt16valid/58-tesnet-prototree-cub.png,Left,Left,Left,,Left,,Left,,Left,,Left,,Left,,Left,,Left,,Left,,,Failed Validation,Left,Left,Left,Left,Left,Left,Left,Left,Left,Left,,0
https://amt-omiddavoodi.s3.us-east-2.amazonaws.com/ntask1/attempt16/236-tesnet-ace-cars.png,https://amt-omiddavoodi.s3.us-east-2.amazonaws.com/ntask1/attempt16/115-protopnet-ace-imagenet.png,https://amt-omiddavoodi.s3.us-east-2.amazonaws.com/ntask1/attempt16/18-sparrow-deformable-cars.png,https://amt-omiddavoodi.s3.us-east-2.amazonaws.com/ntask1/attempt16/225-protopool-protopnet-cars.png,https://amt-omiddavoodi.s3.us-east-2.amazonaws.com/ntask1/attempt16/237-prototree-ace-cub.png,https://amt-omiddavoodi.s3.us-east-2.amazonaws.com/ntask1/attempt16/121-ace-prototree-imagenet.png,https://amt-omiddavoodi.s3.us-east-2.amazonaws.com/ntask1/attempt16/4-sparrow-protopool-cub.png,https://amt-omiddavoodi.s3.us-east-2.amazonaws.com/ntask1/attempt16valid/11-protopnet-sparrow-cub.png,https://amt-omiddavoodi.s3.us-east-2.amazonaws.com/ntask1/attempt16/109-protopool-sparrow-cub.png,https://amt-omiddavoodi.s3.us-east-2.amazonaws.com/ntask1/attempt16valid/58-tesnet-prototree-cub.png,None,,Both,Both,Both,,Both,,None,,Both,,Right,,Left,,None,,Right,,x,,None,Both,Both,None,Both,Right,Left,None,Right,Both,nonequal,2
https://amt-omiddavoodi.s3.us-east-2.amazonaws.com/ntask1/attempt16/191-deformable-protopnet-imagenet.png,https://amt-omiddavoodi.s3.us-east-2.amazonaws.com/ntask1/attempt16valid/59-prototree-sparrow-imagenet.png,https://amt-omiddavoodi.s3.us-east-2.amazonaws.com/ntask1/attempt16/120-protopool-prototree-imagenet.png,https://amt-omiddavoodi.s3.us-east-2.amazonaws.com/ntask1/attempt16/148-protopool-sparrow-imagenet.png,https://amt-omiddavoodi.s3.us-east-2.amazonaws.com/ntask1/attempt16valid/11-protopnet-sparrow-cub.png,https://amt-omiddavoodi.s3.us-east-2.amazonaws.com/ntask1/attempt16/259-deformable-protopool-cars.png,https://amt-omiddavoodi.s3.us-east-2.amazonaws.com/ntask1/attempt16/97-ace-protopnet-cars.png,https://amt-omiddavoodi.s3.us-east-2.amazonaws.com/ntask1/attempt16/246-ace-tesnet-cars.png,https://amt-omiddavoodi.s3.us-east-2.amazonaws.com/ntask1/attempt16/24-sparrow-deformable-imagenet.png,https://amt-omiddavoodi.s3.us-east-2.amazonaws.com/ntask1/attempt16/78-prototree-deformable-cars.png,Right,,Right,Right,Left,,Both,,Both,,None,,Left,,Right,,Left,,None,,,Failed Validation,Right,Left,Both,Both,None,Left,Right,Left,None,Right,nonequal,2
https://amt-omiddavoodi.s3.us-east-2.amazonaws.com/ntask1/attempt16/191-deformable-protopnet-imagenet.png,https://amt-omiddavoodi.s3.us-east-2.amazonaws.com/ntask1/attempt16valid/59-prototree-sparrow-imagenet.png,https://amt-omiddavoodi.s3.us-east-2.amazonaws.com/ntask1/attempt16/120-protopool-prototree-imagenet.png,https://amt-omiddavoodi.s3.us-east-2.amazonaws.com/ntask1/attempt16/148-protopool-sparrow-imagenet.png,https://amt-omiddavoodi.s3.us-east-2.amazonaws.com/ntask1/attempt16valid/11-protopnet-sparrow-cub.png,https://amt-omiddavoodi.s3.us-east-2.amazonaws.com/ntask1/attempt16/259-deformable-protopool-cars.png,https://amt-omiddavoodi.s3.us-east-2.amazonaws.com/ntask1/attempt16/97-ace-protopnet-cars.png,https://amt-omiddavoodi.s3.us-east-2.amazonaws.com/ntask1/attempt16/246-ace-tesnet-cars.png,https://amt-omiddavoodi.s3.us-east-2.amazonaws.com/ntask1/attempt16/24-sparrow-deformable-imagenet.png,https://amt-omiddavoodi.s3.us-east-2.amazonaws.com/ntask1/attempt16/78-prototree-deformable-cars.png,Right,,Both,Both,Left,,Both,,Both,,None,,Left,,Right,,Both,,Left,,x,,Right,Left,Both,Both,None,Left,Right,Both,Left,Both,nonequal,2
https://amt-omiddavoodi.s3.us-east-2.amazonaws.com/ntask1/attempt16/52-prototree-deformable-imagenet.png,https://amt-omiddavoodi.s3.us-east-2.amazonaws.com/ntask1/attempt16/19-protopnet-protopool-imagenet.png,https://amt-omiddavoodi.s3.us-east-2.amazonaws.com/ntask1/attempt16/152-sparrow-deformable-imagenet.png,https://amt-omiddavoodi.s3.us-east-2.amazonaws.com/ntask1/attempt16/10-protopool-protopnet-cub.png,https://amt-omiddavoodi.s3.us-east-2.amazonaws.com/ntask1/attempt16/182-deformable-protopool-cars.png,https://amt-omiddavoodi.s3.us-east-2.amazonaws.com/ntask1/attempt16/125-sparrow-tesnet-imagenet.png,https://amt-omiddavoodi.s3.us-east-2.amazonaws.com/ntask1/attempt16valid/18-deformable-tesnet-imagenet.png,https://amt-omiddavoodi.s3.us-east-2.amazonaws.com/ntask1/attempt16/151-tesnet-protopnet-cub.png,https://amt-omiddavoodi.s3.us-east-2.amazonaws.com/ntask1/attempt16/76-deformable-sparrow-imagenet.png,https://amt-omiddavoodi.s3.us-east-2.amazonaws.com/ntask1/attempt16valid/62-sparrow-tesnet-cub.png,Right,,None,None,Right,,Both,,None,,Left,,Right,,Right,,None,,None,,,Failed Validation,Right,Right,Both,None,Left,Right,Right,None,None,None,nonequal,0
https://amt-omiddavoodi.s3.us-east-2.amazonaws.com/ntask1/attempt16/52-prototree-deformable-imagenet.png,https://amt-omiddavoodi.s3.us-east-2.amazonaws.com/ntask1/attempt16/19-protopnet-protopool-imagenet.png,https://amt-omiddavoodi.s3.us-east-2.amazonaws.com/ntask1/attempt16/152-sparrow-deformable-imagenet.png,https://amt-omiddavoodi.s3.us-east-2.amazonaws.com/ntask1/attempt16/10-protopool-protopnet-cub.png,https://amt-omiddavoodi.s3.us-east-2.amazonaws.com/ntask1/attempt16/182-deformable-protopool-cars.png,https://amt-omiddavoodi.s3.us-east-2.amazonaws.com/ntask1/attempt16/125-sparrow-tesnet-imagenet.png,https://amt-omiddavoodi.s3.us-east-2.amazonaws.com/ntask1/attempt16valid/18-deformable-tesnet-imagenet.png,https://amt-omiddavoodi.s3.us-east-2.amazonaws.com/ntask1/attempt16/151-tesnet-protopnet-cub.png,https://amt-omiddavoodi.s3.us-east-2.amazonaws.com/ntask1/attempt16/76-deformable-sparrow-imagenet.png,https://amt-omiddavoodi.s3.us-east-2.amazonaws.com/ntask1/attempt16valid/62-sparrow-tesnet-cub.png,Right,,Right,Right,Both,,Both,,None,,Left,,Right,,Right,,Both,,None,,x,,Right,Both,Both,None,Left,Right,Right,Both,None,Right,nonequal,1
https://amt-omiddavoodi.s3.us-east-2.amazonaws.com/ntask1/attempt16/47-sparrow-deformable-cars.png,https://amt-omiddavoodi.s3.us-east-2.amazonaws.com/ntask1/attempt16/127-deformable-prototree-cub.png,https://amt-omiddavoodi.s3.us-east-2.amazonaws.com/ntask1/attempt16/141-sparrow-tesnet-cars.png,https://amt-omiddavoodi.s3.us-east-2.amazonaws.com/ntask1/attempt16/34-ace-prototree-cars.png,https://amt-omiddavoodi.s3.us-east-2.amazonaws.com/ntask1/attempt16valid/8-sparrow-protopnet-cars.png,https://amt-omiddavoodi.s3.us-east-2.amazonaws.com/ntask1/attempt16/248-deformable-ace-cars.png,https://amt-omiddavoodi.s3.us-east-2.amazonaws.com/ntask1/attempt16/174-ace-sparrow-cars.png,https://amt-omiddavoodi.s3.us-east-2.amazonaws.com/ntask1/attempt16/233-protopool-deformable-cub.png,https://amt-omiddavoodi.s3.us-east-2.amazonaws.com/ntask1/attempt16valid/36-tesnet-deformable-cub.png,https://amt-omiddavoodi.s3.us-east-2.amazonaws.com/ntask1/attempt16/256-protopool-tesnet-cub.png,Right,,Right,Right,None,,Left,,Right,,None,,None,,None,,Right,,Right,,,Failed Validation,Right,None,Left,Right,None,None,None,Right,Right,Right,nonequal,1
https://amt-omiddavoodi.s3.us-east-2.amazonaws.com/ntask1/attempt16/47-sparrow-deformable-cars.png,https://amt-omiddavoodi.s3.us-east-2.amazonaws.com/ntask1/attempt16/127-deformable-prototree-cub.png,https://amt-omiddavoodi.s3.us-east-2.amazonaws.com/ntask1/attempt16/141-sparrow-tesnet-cars.png,https://amt-omiddavoodi.s3.us-east-2.amazonaws.com/ntask1/attempt16/34-ace-prototree-cars.png,https://amt-omiddavoodi.s3.us-east-2.amazonaws.com/ntask1/attempt16valid/8-sparrow-protopnet-cars.png,https://amt-omiddavoodi.s3.us-east-2.amazonaws.com/ntask1/attempt16/248-deformable-ace-cars.png,https://amt-omiddavoodi.s3.us-east-2.amazonaws.com/ntask1/attempt16/174-ace-sparrow-cars.png,https://amt-omiddavoodi.s3.us-east-2.amazonaws.com/ntask1/attempt16/233-protopool-deformable-cub.png,https://amt-omiddavoodi.s3.us-east-2.amazonaws.com/ntask1/attempt16valid/36-tesnet-deformable-cub.png,https://amt-omiddavoodi.s3.us-east-2.amazonaws.com/ntask1/attempt16/256-protopool-tesnet-cub.png,Right,,Right,Right,Right,,Both,,Right,,None,,None,,None,,Right,,Both,,x,,Right,Right,Both,Right,None,None,None,Right,Both,Right,nonequal,2
https://amt-omiddavoodi.s3.us-east-2.amazonaws.com/ntask1/attempt16/134-tesnet-deformable-imagenet.png,https://amt-omiddavoodi.s3.us-east-2.amazonaws.com/ntask1/attempt16/208-ace-protopnet-cars.png,https://amt-omiddavoodi.s3.us-east-2.amazonaws.com/ntask1/attempt16/116-deformable-prototree-cub.png,https://amt-omiddavoodi.s3.us-east-2.amazonaws.com/ntask1/attempt16/146-protopnet-prototree-cars.png,https://amt-omiddavoodi.s3.us-east-2.amazonaws.com/ntask1/attempt16valid/8-sparrow-protopnet-cars.png,https://amt-omiddavoodi.s3.us-east-2.amazonaws.com/ntask1/attempt16valid/53-protopnet-tesnet-cub.png,https://amt-omiddavoodi.s3.us-east-2.amazonaws.com/ntask1/attempt16/159-prototree-ace-imagenet.png,https://amt-omiddavoodi.s3.us-east-2.amazonaws.com/ntask1/attempt16/124-prototree-sparrow-cub.png,https://amt-omiddavoodi.s3.us-east-2.amazonaws.com/ntask1/attempt16/219-protopool-tesnet-cars.png,https://amt-omiddavoodi.s3.us-east-2.amazonaws.com/ntask1/attempt16/44-ace-prototree-cars.png,Right,,Right,Right,None,,Left,,Left,,None,,None,,Right,,Right,,None,,,Failed Validation,Right,None,Left,Left,None,None,Right,Right,None,Right,nonequal,1
https://amt-omiddavoodi.s3.us-east-2.amazonaws.com/ntask1/attempt16/134-tesnet-deformable-imagenet.png,https://amt-omiddavoodi.s3.us-east-2.amazonaws.com/ntask1/attempt16/208-ace-protopnet-cars.png,https://amt-omiddavoodi.s3.us-east-2.amazonaws.com/ntask1/attempt16/116-deformable-prototree-cub.png,https://amt-omiddavoodi.s3.us-east-2.amazonaws.com/ntask1/attempt16/146-protopnet-prototree-cars.png,https://amt-omiddavoodi.s3.us-east-2.amazonaws.com/ntask1/attempt16valid/8-sparrow-protopnet-cars.png,https://amt-omiddavoodi.s3.us-east-2.amazonaws.com/ntask1/attempt16valid/53-protopnet-tesnet-cub.png,https://amt-omiddavoodi.s3.us-east-2.amazonaws.com/ntask1/attempt16/159-prototree-ace-imagenet.png,https://amt-omiddavoodi.s3.us-east-2.amazonaws.com/ntask1/attempt16/124-prototree-sparrow-cub.png,https://amt-omiddavoodi.s3.us-east-2.amazonaws.com/ntask1/attempt16/219-protopool-tesnet-cars.png,https://amt-omiddavoodi.s3.us-east-2.amazonaws.com/ntask1/attempt16/44-ace-prototree-cars.png,Both,,Right,Right,None,,Both,,Both,,None,,Both,,Both,,Both,,Right,,x,,Both,None,Both,Both,None,Both,Both,Both,Right,Right,nonequal,2
https://amt-omiddavoodi.s3.us-east-2.amazonaws.com/ntask1/attempt16valid/27-tesnet-ace-cars.png,https://amt-omiddavoodi.s3.us-east-2.amazonaws.com/ntask1/attempt16valid/8-protopool-tesnet-cub.png,https://amt-omiddavoodi.s3.us-east-2.amazonaws.com/ntask1/attempt16/86-tesnet-prototree-imagenet.png,https://amt-omiddavoodi.s3.us-east-2.amazonaws.com/ntask1/attempt16/176-prototree-sparrow-imagenet.png,https://amt-omiddavoodi.s3.us-east-2.amazonaws.com/ntask1/attempt16/123-sparrow-tesnet-cars.png,https://amt-omiddavoodi.s3.us-east-2.amazonaws.com/ntask1/attempt16/93-protopool-deformable-imagenet.png,https://amt-omiddavoodi.s3.us-east-2.amazonaws.com/ntask1/attempt16/260-deformable-tesnet-imagenet.png,https://amt-omiddavoodi.s3.us-east-2.amazonaws.com/ntask1/attempt16/8-protopnet-tesnet-imagenet.png,https://amt-omiddavoodi.s3.us-east-2.amazonaws.com/ntask1/attempt16/25-protopnet-sparrow-cub.png,https://amt-omiddavoodi.s3.us-east-2.amazonaws.com/ntask1/attempt16/231-ace-protopnet-imagenet.png,None,,Right,Right,Left,,Both,,Left,,Left,,None,,None,,Left,,Both,,,Failed Validation,None,Left,Both,Left,Left,None,None,Left,Both,Right,nonequal,0
https://amt-omiddavoodi.s3.us-east-2.amazonaws.com/ntask1/attempt16valid/27-tesnet-ace-cars.png,https://amt-omiddavoodi.s3.us-east-2.amazonaws.com/ntask1/attempt16valid/8-protopool-tesnet-cub.png,https://amt-omiddavoodi.s3.us-east-2.amazonaws.com/ntask1/attempt16/86-tesnet-prototree-imagenet.png,https://amt-omiddavoodi.s3.us-east-2.amazonaws.com/ntask1/attempt16/176-prototree-sparrow-imagenet.png,https://amt-omiddavoodi.s3.us-east-2.amazonaws.com/ntask1/attempt16/123-sparrow-tesnet-cars.png,https://amt-omiddavoodi.s3.us-east-2.amazonaws.com/ntask1/attempt16/93-protopool-deformable-imagenet.png,https://amt-omiddavoodi.s3.us-east-2.amazonaws.com/ntask1/attempt16/260-deformable-tesnet-imagenet.png,https://amt-omiddavoodi.s3.us-east-2.amazonaws.com/ntask1/attempt16/8-protopnet-tesnet-imagenet.png,https://amt-omiddavoodi.s3.us-east-2.amazonaws.com/ntask1/attempt16/25-protopnet-sparrow-cub.png,https://amt-omiddavoodi.s3.us-east-2.amazonaws.com/ntask1/attempt16/231-ace-protopnet-imagenet.png,Left,,Right,Right,Both,,Both,,Left,,Both,,None,,Right,,Both,,Both,,x,,Left,Both,Both,Left,Both,None,Right,Both,Both,Right,nonequal,1
https://amt-omiddavoodi.s3.us-east-2.amazonaws.com/ntask1/attempt16/102-sparrow-protopnet-cars.png,https://amt-omiddavoodi.s3.us-east-2.amazonaws.com/ntask1/attempt16valid/61-prototree-ace-cars.png,https://amt-omiddavoodi.s3.us-east-2.amazonaws.com/ntask1/attempt16/80-deformable-protopnet-cub.png,https://amt-omiddavoodi.s3.us-east-2.amazonaws.com/ntask1/attempt16/238-protopnet-ace-cub.png,https://amt-omiddavoodi.s3.us-east-2.amazonaws.com/ntask1/attempt16/30-sparrow-tesnet-cub.png,https://amt-omiddavoodi.s3.us-east-2.amazonaws.com/ntask1/attempt16/224-protopnet-sparrow-cub.png,https://amt-omiddavoodi.s3.us-east-2.amazonaws.com/ntask1/attempt16/235-sparrow-prototree-imagenet.png,https://amt-omiddavoodi.s3.us-east-2.amazonaws.com/ntask1/attempt16/234-protopool-protopnet-cub.png,https://amt-omiddavoodi.s3.us-east-2.amazonaws.com/ntask1/attempt16valid/58-tesnet-prototree-cub.png,https://amt-omiddavoodi.s3.us-east-2.amazonaws.com/ntask1/attempt16/2-tesnet-protopool-imagenet.png,Right,,Both,Both,Left,,Right,,Right,,None,,None,,Right,,Right,,None,,,Failed Validation,Right,Left,Right,Right,None,None,Right,Right,None,Both,nonequal,1
https://amt-omiddavoodi.s3.us-east-2.amazonaws.com/ntask1/attempt16/102-sparrow-protopnet-cars.png,https://amt-omiddavoodi.s3.us-east-2.amazonaws.com/ntask1/attempt16valid/61-prototree-ace-cars.png,https://amt-omiddavoodi.s3.us-east-2.amazonaws.com/ntask1/attempt16/80-deformable-protopnet-cub.png,https://amt-omiddavoodi.s3.us-east-2.amazonaws.com/ntask1/attempt16/238-protopnet-ace-cub.png,https://amt-omiddavoodi.s3.us-east-2.amazonaws.com/ntask1/attempt16/30-sparrow-tesnet-cub.png,https://amt-omiddavoodi.s3.us-east-2.amazonaws.com/ntask1/attempt16/224-protopnet-sparrow-cub.png,https://amt-omiddavoodi.s3.us-east-2.amazonaws.com/ntask1/attempt16/235-sparrow-prototree-imagenet.png,https://amt-omiddavoodi.s3.us-east-2.amazonaws.com/ntask1/attempt16/234-protopool-protopnet-cub.png,https://amt-omiddavoodi.s3.us-east-2.amazonaws.com/ntask1/attempt16valid/58-tesnet-prototree-cub.png,https://amt-omiddavoodi.s3.us-east-2.amazonaws.com/ntask1/attempt16/2-tesnet-protopool-imagenet.png,Right,,Both,Both,Left,,Both,,Both,,Left,,None,,Right,,Right,,Both,,x,,Right,Left,Both,Both,Left,None,Right,Right,Both,Both,nonequal,2
https://amt-omiddavoodi.s3.us-east-2.amazonaws.com/ntask1/attempt16/102-sparrow-protopnet-cars.png,https://amt-omiddavoodi.s3.us-east-2.amazonaws.com/ntask1/attempt16valid/61-prototree-ace-cars.png,https://amt-omiddavoodi.s3.us-east-2.amazonaws.com/ntask1/attempt16/80-deformable-protopnet-cub.png,https://amt-omiddavoodi.s3.us-east-2.amazonaws.com/ntask1/attempt16/238-protopnet-ace-cub.png,https://amt-omiddavoodi.s3.us-east-2.amazonaws.com/ntask1/attempt16/30-sparrow-tesnet-cub.png,https://amt-omiddavoodi.s3.us-east-2.amazonaws.com/ntask1/attempt16/224-protopnet-sparrow-cub.png,https://amt-omiddavoodi.s3.us-east-2.amazonaws.com/ntask1/attempt16/235-sparrow-prototree-imagenet.png,https://amt-omiddavoodi.s3.us-east-2.amazonaws.com/ntask1/attempt16/234-protopool-protopnet-cub.png,https://amt-omiddavoodi.s3.us-east-2.amazonaws.com/ntask1/attempt16valid/58-tesnet-prototree-cub.png,https://amt-omiddavoodi.s3.us-east-2.amazonaws.com/ntask1/attempt16/2-tesnet-protopool-imagenet.png,Right,Right,Right,Right,Left,,Right,,None,,Right,,None,,Right,,Right,,None,,x,,Right,Left,Right,None,Right,None,Right,Right,None,Right,nonequal,1
https://amt-omiddavoodi.s3.us-east-2.amazonaws.com/ntask1/attempt16/131-deformable-ace-cars.png,https://amt-omiddavoodi.s3.us-east-2.amazonaws.com/ntask1/attempt16/155-sparrow-deformable-imagenet.png,https://amt-omiddavoodi.s3.us-east-2.amazonaws.com/ntask1/attempt16/58-ace-prototree-cars.png,https://amt-omiddavoodi.s3.us-east-2.amazonaws.com/ntask1/attempt16valid/4-ace-sparrow-cars.png,https://amt-omiddavoodi.s3.us-east-2.amazonaws.com/ntask1/attempt16/20-tesnet-prototree-cub.png,https://amt-omiddavoodi.s3.us-east-2.amazonaws.com/ntask1/attempt16/175-protopool-ace-cars.png,https://amt-omiddavoodi.s3.us-east-2.amazonaws.com/ntask1/attempt16/79-tesnet-protopool-cub.png,https://amt-omiddavoodi.s3.us-east-2.amazonaws.com/ntask1/attempt16/240-tesnet-protopnet-imagenet.png,https://amt-omiddavoodi.s3.us-east-2.amazonaws.com/ntask1/attempt16/48-protopnet-sparrow-imagenet.png,https://amt-omiddavoodi.s3.us-east-2.amazonaws.com/ntask1/attempt16valid/21-protopool-tesnet-cub.png,Both,,None,None,None,,Both,,None,,Both,,None,,None,,Both,,Left,,,Failed Validation,Both,None,Both,None,Both,None,None,Both,Left,None,nonequal,1
https://amt-omiddavoodi.s3.us-east-2.amazonaws.com/ntask1/attempt16/131-deformable-ace-cars.png,https://amt-omiddavoodi.s3.us-east-2.amazonaws.com/ntask1/attempt16/155-sparrow-deformable-imagenet.png,https://amt-omiddavoodi.s3.us-east-2.amazonaws.com/ntask1/attempt16/58-ace-prototree-cars.png,https://amt-omiddavoodi.s3.us-east-2.amazonaws.com/ntask1/attempt16valid/4-ace-sparrow-cars.png,https://amt-omiddavoodi.s3.us-east-2.amazonaws.com/ntask1/attempt16/20-tesnet-prototree-cub.png,https://amt-omiddavoodi.s3.us-east-2.amazonaws.com/ntask1/attempt16/175-protopool-ace-cars.png,https://amt-omiddavoodi.s3.us-east-2.amazonaws.com/ntask1/attempt16/79-tesnet-protopool-cub.png,https://amt-omiddavoodi.s3.us-east-2.amazonaws.com/ntask1/attempt16/240-tesnet-protopnet-imagenet.png,https://amt-omiddavoodi.s3.us-east-2.amazonaws.com/ntask1/attempt16/48-protopnet-sparrow-imagenet.png,https://amt-omiddavoodi.s3.us-east-2.amazonaws.com/ntask1/attempt16valid/21-protopool-tesnet-cub.png,Both,,Right,Right,None,,Both,,None,,Both,,None,,Both,,Both,,Both,,x,,Both,None,Both,None,Both,None,Both,Both,Both,Right,nonequal,2
https://amt-omiddavoodi.s3.us-east-2.amazonaws.com/ntask1/attempt16/131-deformable-ace-cars.png,https://amt-omiddavoodi.s3.us-east-2.amazonaws.com/ntask1/attempt16/155-sparrow-deformable-imagenet.png,https://amt-omiddavoodi.s3.us-east-2.amazonaws.com/ntask1/attempt16/58-ace-prototree-cars.png,https://amt-omiddavoodi.s3.us-east-2.amazonaws.com/ntask1/attempt16valid/4-ace-sparrow-cars.png,https://amt-omiddavoodi.s3.us-east-2.amazonaws.com/ntask1/attempt16/20-tesnet-prototree-cub.png,https://amt-omiddavoodi.s3.us-east-2.amazonaws.com/ntask1/attempt16/175-protopool-ace-cars.png,https://amt-omiddavoodi.s3.us-east-2.amazonaws.com/ntask1/attempt16/79-tesnet-protopool-cub.png,https://amt-omiddavoodi.s3.us-east-2.amazonaws.com/ntask1/attempt16/240-tesnet-protopnet-imagenet.png,https://amt-omiddavoodi.s3.us-east-2.amazonaws.com/ntask1/attempt16/48-protopnet-sparrow-imagenet.png,https://amt-omiddavoodi.s3.us-east-2.amazonaws.com/ntask1/attempt16valid/21-protopool-tesnet-cub.png,Right,Right,Right,Right,Left,Left,Both,Both,None,None,Left,Left,None,None,Both,Both,Both,Both,Left,Left,x,,Right,Left,Both,None,Left,None,Both,Both,Left,Right,nonequal,2
https://amt-omiddavoodi.s3.us-east-2.amazonaws.com/ntask1/attempt16valid/7-protopnet-deformable-cub.png,https://amt-omiddavoodi.s3.us-east-2.amazonaws.com/ntask1/attempt16/138-protopool-sparrow-cub.png,https://amt-omiddavoodi.s3.us-east-2.amazonaws.com/ntask1/attempt16/167-sparrow-ace-cars.png,https://amt-omiddavoodi.s3.us-east-2.amazonaws.com/ntask1/attempt16/222-protopnet-deformable-imagenet.png,https://amt-omiddavoodi.s3.us-east-2.amazonaws.com/ntask1/attempt16/1-protopool-ace-imagenet.png,https://amt-omiddavoodi.s3.us-east-2.amazonaws.com/ntask1/attempt16/171-sparrow-protopnet-cars.png,https://amt-omiddavoodi.s3.us-east-2.amazonaws.com/ntask1/attempt16/249-deformable-ace-cars.png,https://amt-omiddavoodi.s3.us-east-2.amazonaws.com/ntask1/attempt16valid/53-protopnet-tesnet-cub.png,https://amt-omiddavoodi.s3.us-east-2.amazonaws.com/ntask1/attempt16/153-protopnet-ace-cars.png,https://amt-omiddavoodi.s3.us-east-2.amazonaws.com/ntask1/attempt16/188-sparrow-protopnet-cars.png,None,,None,None,None,,None,,None,,Both,,Left,,Both,,None,,None,,,Failed Validation,None,None,None,None,Both,Left,Both,None,None,None,nonequal,1
https://amt-omiddavoodi.s3.us-east-2.amazonaws.com/ntask1/attempt16valid/7-protopnet-deformable-cub.png,https://amt-omiddavoodi.s3.us-east-2.amazonaws.com/ntask1/attempt16/138-protopool-sparrow-cub.png,https://amt-omiddavoodi.s3.us-east-2.amazonaws.com/ntask1/attempt16/167-sparrow-ace-cars.png,https://amt-omiddavoodi.s3.us-east-2.amazonaws.com/ntask1/attempt16/222-protopnet-deformable-imagenet.png,https://amt-omiddavoodi.s3.us-east-2.amazonaws.com/ntask1/attempt16/1-protopool-ace-imagenet.png,https://amt-omiddavoodi.s3.us-east-2.amazonaws.com/ntask1/attempt16/171-sparrow-protopnet-cars.png,https://amt-omiddavoodi.s3.us-east-2.amazonaws.com/ntask1/attempt16/249-deformable-ace-cars.png,https://amt-omiddavoodi.s3.us-east-2.amazonaws.com/ntask1/attempt16valid/53-protopnet-tesnet-cub.png,https://amt-omiddavoodi.s3.us-east-2.amazonaws.com/ntask1/attempt16/153-protopnet-ace-cars.png,https://amt-omiddavoodi.s3.us-east-2.amazonaws.com/ntask1/attempt16/188-sparrow-protopnet-cars.png,None,None,None,,None,,None,,None,,None,,None,,None,,None,,None,,,Failed Validation,None,None,None,None,None,None,None,None,None,None,,1
https://amt-omiddavoodi.s3.us-east-2.amazonaws.com/ntask1/attempt16valid/7-protopnet-deformable-cub.png,https://amt-omiddavoodi.s3.us-east-2.amazonaws.com/ntask1/attempt16/138-protopool-sparrow-cub.png,https://amt-omiddavoodi.s3.us-east-2.amazonaws.com/ntask1/attempt16/167-sparrow-ace-cars.png,https://amt-omiddavoodi.s3.us-east-2.amazonaws.com/ntask1/attempt16/222-protopnet-deformable-imagenet.png,https://amt-omiddavoodi.s3.us-east-2.amazonaws.com/ntask1/attempt16/1-protopool-ace-imagenet.png,https://amt-omiddavoodi.s3.us-east-2.amazonaws.com/ntask1/attempt16/171-sparrow-protopnet-cars.png,https://amt-omiddavoodi.s3.us-east-2.amazonaws.com/ntask1/attempt16/249-deformable-ace-cars.png,https://amt-omiddavoodi.s3.us-east-2.amazonaws.com/ntask1/attempt16valid/53-protopnet-tesnet-cub.png,https://amt-omiddavoodi.s3.us-east-2.amazonaws.com/ntask1/attempt16/153-protopnet-ace-cars.png,https://amt-omiddavoodi.s3.us-east-2.amazonaws.com/ntask1/attempt16/188-sparrow-protopnet-cars.png,None,,None,None,None,,Right,,Left,,Both,,Left,,Both,,Both,,Left,,x,,None,None,Right,Left,Both,Left,Both,Both,Left,None,nonequal,2
https://amt-omiddavoodi.s3.us-east-2.amazonaws.com/ntask1/attempt16/193-protopnet-prototree-cars.png,https://amt-omiddavoodi.s3.us-east-2.amazonaws.com/ntask1/attempt16/150-protopnet-tesnet-cars.png,https://amt-omiddavoodi.s3.us-east-2.amazonaws.com/ntask1/attempt16valid/59-prototree-sparrow-imagenet.png,https://amt-omiddavoodi.s3.us-east-2.amazonaws.com/ntask1/attempt16/243-protopool-sparrow-imagenet.png,https://amt-omiddavoodi.s3.us-east-2.amazonaws.com/ntask1/attempt16/63-protopool-protopnet-cars.png,https://amt-omiddavoodi.s3.us-east-2.amazonaws.com/ntask1/attempt16/184-tesnet-ace-imagenet.png,https://amt-omiddavoodi.s3.us-east-2.amazonaws.com/ntask1/attempt16valid/57-protopnet-sparrow-cars.png,https://amt-omiddavoodi.s3.us-east-2.amazonaws.com/ntask1/attempt16/269-protopnet-protopool-cars.png,https://amt-omiddavoodi.s3.us-east-2.amazonaws.com/ntask1/attempt16/207-tesnet-prototree-cub.png,https://amt-omiddavoodi.s3.us-east-2.amazonaws.com/ntask1/attempt16/11-prototree-ace-cars.png,Right,,Left,Left,Right,,Left,,Left,,Right,,Left,,None,,None,,None,,,Failed Validation,Right,Right,Left,Left,Right,Left,None,None,None,Left,nonequal,2
https://amt-omiddavoodi.s3.us-east-2.amazonaws.com/ntask1/attempt16/193-protopnet-prototree-cars.png,https://amt-omiddavoodi.s3.us-east-2.amazonaws.com/ntask1/attempt16/150-protopnet-tesnet-cars.png,https://amt-omiddavoodi.s3.us-east-2.amazonaws.com/ntask1/attempt16valid/59-prototree-sparrow-imagenet.png,https://amt-omiddavoodi.s3.us-east-2.amazonaws.com/ntask1/attempt16/243-protopool-sparrow-imagenet.png,https://amt-omiddavoodi.s3.us-east-2.amazonaws.com/ntask1/attempt16/63-protopool-protopnet-cars.png,https://amt-omiddavoodi.s3.us-east-2.amazonaws.com/ntask1/attempt16/184-tesnet-ace-imagenet.png,https://amt-omiddavoodi.s3.us-east-2.amazonaws.com/ntask1/attempt16valid/57-protopnet-sparrow-cars.png,https://amt-omiddavoodi.s3.us-east-2.amazonaws.com/ntask1/attempt16/269-protopnet-protopool-cars.png,https://amt-omiddavoodi.s3.us-east-2.amazonaws.com/ntask1/attempt16/207-tesnet-prototree-cub.png,https://amt-omiddavoodi.s3.us-east-2.amazonaws.com/ntask1/attempt16/11-prototree-ace-cars.png,Right,,Left,Left,Right,,Left,,None,,Right,,Left,,None,,Right,,Left,,x,,Right,Right,Left,None,Right,Left,None,Right,Left,Left,nonequal,2
https://amt-omiddavoodi.s3.us-east-2.amazonaws.com/ntask1/attempt16valid/71-protopnet-ace-cars.png,https://amt-omiddavoodi.s3.us-east-2.amazonaws.com/ntask1/attempt16/108-prototree-deformable-cars.png,https://amt-omiddavoodi.s3.us-east-2.amazonaws.com/ntask1/attempt16/173-tesnet-ace-cub.png,https://amt-omiddavoodi.s3.us-east-2.amazonaws.com/ntask1/attempt16/157-protopnet-deformable-imagenet.png,https://amt-omiddavoodi.s3.us-east-2.amazonaws.com/ntask1/attempt16valid/53-protopnet-tesnet-cub.png,https://amt-omiddavoodi.s3.us-east-2.amazonaws.com/ntask1/attempt16/90-tesnet-protopnet-cars.png,https://amt-omiddavoodi.s3.us-east-2.amazonaws.com/ntask1/attempt16/75-protopnet-tesnet-imagenet.png,https://amt-omiddavoodi.s3.us-east-2.amazonaws.com/ntask1/attempt16/72-protopool-sparrow-imagenet.png,https://amt-omiddavoodi.s3.us-east-2.amazonaws.com/ntask1/attempt16/105-protopnet-sparrow-cub.png,https://amt-omiddavoodi.s3.us-east-2.amazonaws.com/ntask1/attempt16/258-tesnet-protopnet-imagenet.png,Right,,Right,Right,Both,,None,,Left,,None,,None,,Left,,None,,Left,,,Failed Validation,Right,Both,None,Left,None,None,Left,None,Left,Right,nonequal,0
https://amt-omiddavoodi.s3.us-east-2.amazonaws.com/ntask1/attempt16valid/71-protopnet-ace-cars.png,https://amt-omiddavoodi.s3.us-east-2.amazonaws.com/ntask1/attempt16/108-prototree-deformable-cars.png,https://amt-omiddavoodi.s3.us-east-2.amazonaws.com/ntask1/attempt16/173-tesnet-ace-cub.png,https://amt-omiddavoodi.s3.us-east-2.amazonaws.com/ntask1/attempt16/157-protopnet-deformable-imagenet.png,https://amt-omiddavoodi.s3.us-east-2.amazonaws.com/ntask1/attempt16valid/53-protopnet-tesnet-cub.png,https://amt-omiddavoodi.s3.us-east-2.amazonaws.com/ntask1/attempt16/90-tesnet-protopnet-cars.png,https://amt-omiddavoodi.s3.us-east-2.amazonaws.com/ntask1/attempt16/75-protopnet-tesnet-imagenet.png,https://amt-omiddavoodi.s3.us-east-2.amazonaws.com/ntask1/attempt16/72-protopool-sparrow-imagenet.png,https://amt-omiddavoodi.s3.us-east-2.amazonaws.com/ntask1/attempt16/105-protopnet-sparrow-cub.png,https://amt-omiddavoodi.s3.us-east-2.amazonaws.com/ntask1/attempt16/258-tesnet-protopnet-imagenet.png,Both,,Right,Right,Both,,Left,,Left,,Both,,Both,,Both,,Left,,Left,,x,,Both,Both,Left,Left,Both,Both,Both,Left,Left,Right,nonequal,2
https://amt-omiddavoodi.s3.us-east-2.amazonaws.com/ntask1/attempt16/96-protopool-tesnet-imagenet.png,https://amt-omiddavoodi.s3.us-east-2.amazonaws.com/ntask1/attempt16/17-ace-sparrow-cars.png,https://amt-omiddavoodi.s3.us-east-2.amazonaws.com/ntask1/attempt16/16-prototree-sparrow-cars.png,https://amt-omiddavoodi.s3.us-east-2.amazonaws.com/ntask1/attempt16/189-ace-protopool-cars.png,https://amt-omiddavoodi.s3.us-east-2.amazonaws.com/ntask1/attempt16/62-protopool-tesnet-cub.png,https://amt-omiddavoodi.s3.us-east-2.amazonaws.com/ntask1/attempt16/262-tesnet-deformable-imagenet.png,https://amt-omiddavoodi.s3.us-east-2.amazonaws.com/ntask1/attempt16valid/18-deformable-tesnet-imagenet.png,https://amt-omiddavoodi.s3.us-east-2.amazonaws.com/ntask1/attempt16valid/12-ace-tesnet-cub.png,https://amt-omiddavoodi.s3.us-east-2.amazonaws.com/ntask1/attempt16/210-protopnet-protopool-imagenet.png,https://amt-omiddavoodi.s3.us-east-2.amazonaws.com/ntask1/attempt16/87-deformable-prototree-cars.png,Both,,Left,Left,Right,,Both,,None,,None,,None,,Right,,Both,,Left,,,Failed Validation,Both,Right,Both,None,None,None,Right,Both,Left,Left,nonequal,1
https://amt-omiddavoodi.s3.us-east-2.amazonaws.com/ntask1/attempt16/96-protopool-tesnet-imagenet.png,https://amt-omiddavoodi.s3.us-east-2.amazonaws.com/ntask1/attempt16/17-ace-sparrow-cars.png,https://amt-omiddavoodi.s3.us-east-2.amazonaws.com/ntask1/attempt16/16-prototree-sparrow-cars.png,https://amt-omiddavoodi.s3.us-east-2.amazonaws.com/ntask1/attempt16/189-ace-protopool-cars.png,https://amt-omiddavoodi.s3.us-east-2.amazonaws.com/ntask1/attempt16/62-protopool-tesnet-cub.png,https://amt-omiddavoodi.s3.us-east-2.amazonaws.com/ntask1/attempt16/262-tesnet-deformable-imagenet.png,https://amt-omiddavoodi.s3.us-east-2.amazonaws.com/ntask1/attempt16valid/18-deformable-tesnet-imagenet.png,https://amt-omiddavoodi.s3.us-east-2.amazonaws.com/ntask1/attempt16valid/12-ace-tesnet-cub.png,https://amt-omiddavoodi.s3.us-east-2.amazonaws.com/ntask1/attempt16/210-protopnet-protopool-imagenet.png,https://amt-omiddavoodi.s3.us-east-2.amazonaws.com/ntask1/attempt16/87-deformable-prototree-cars.png,Left,,Both,Both,Right,,Both,,None,,Both,,Left,,Right,,Both,,Left,,x,,Left,Right,Both,None,Both,Left,Right,Both,Left,Both,nonequal,1
https://amt-omiddavoodi.s3.us-east-2.amazonaws.com/ntask1/attempt16/209-tesnet-sparrow-cars.png,https://amt-omiddavoodi.s3.us-east-2.amazonaws.com/ntask1/attempt16valid/37-ace-protopnet-cars.png,https://amt-omiddavoodi.s3.us-east-2.amazonaws.com/ntask1/attempt16/247-deformable-prototree-imagenet.png,https://amt-omiddavoodi.s3.us-east-2.amazonaws.com/ntask1/attempt16/267-deformable-protopnet-cars.png,https://amt-omiddavoodi.s3.us-east-2.amazonaws.com/ntask1/attempt16valid/8-protopool-tesnet-cub.png,https://amt-omiddavoodi.s3.us-east-2.amazonaws.com/ntask1/attempt16/43-deformable-tesnet-cars.png,https://amt-omiddavoodi.s3.us-east-2.amazonaws.com/ntask1/attempt16/232-deformable-ace-cub.png,https://amt-omiddavoodi.s3.us-east-2.amazonaws.com/ntask1/attempt16/122-ace-protopnet-cars.png,https://amt-omiddavoodi.s3.us-east-2.amazonaws.com/ntask1/attempt16/99-ace-prototree-cars.png,https://amt-omiddavoodi.s3.us-east-2.amazonaws.com/ntask1/attempt16/59-prototree-sparrow-cars.png,Both,,Left,Left,None,,Both,,Left,,Left,,Left,,Right,,None,,None,,,Failed Validation,Both,None,Both,Left,Left,Left,Right,None,None,Left,nonequal,1
https://amt-omiddavoodi.s3.us-east-2.amazonaws.com/ntask1/attempt16/209-tesnet-sparrow-cars.png,https://amt-omiddavoodi.s3.us-east-2.amazonaws.com/ntask1/attempt16valid/37-ace-protopnet-cars.png,https://amt-omiddavoodi.s3.us-east-2.amazonaws.com/ntask1/attempt16/247-deformable-prototree-imagenet.png,https://amt-omiddavoodi.s3.us-east-2.amazonaws.com/ntask1/attempt16/267-deformable-protopnet-cars.png,https://amt-omiddavoodi.s3.us-east-2.amazonaws.com/ntask1/attempt16valid/8-protopool-tesnet-cub.png,https://amt-omiddavoodi.s3.us-east-2.amazonaws.com/ntask1/attempt16/43-deformable-tesnet-cars.png,https://amt-omiddavoodi.s3.us-east-2.amazonaws.com/ntask1/attempt16/232-deformable-ace-cub.png,https://amt-omiddavoodi.s3.us-east-2.amazonaws.com/ntask1/attempt16/122-ace-protopnet-cars.png,https://amt-omiddavoodi.s3.us-east-2.amazonaws.com/ntask1/attempt16/99-ace-prototree-cars.png,https://amt-omiddavoodi.s3.us-east-2.amazonaws.com/ntask1/attempt16/59-prototree-sparrow-cars.png,Both,,Both,Both,None,,Both,,Left,,Both,,Both,,Right,,None,,Right,,x,,Both,None,Both,Left,Both,Both,Right,None,Right,Both,nonequal,2
https://amt-omiddavoodi.s3.us-east-2.amazonaws.com/ntask1/attempt16/209-tesnet-sparrow-cars.png,https://amt-omiddavoodi.s3.us-east-2.amazonaws.com/ntask1/attempt16valid/37-ace-protopnet-cars.png,https://amt-omiddavoodi.s3.us-east-2.amazonaws.com/ntask1/attempt16/247-deformable-prototree-imagenet.png,https://amt-omiddavoodi.s3.us-east-2.amazonaws.com/ntask1/attempt16/267-deformable-protopnet-cars.png,https://amt-omiddavoodi.s3.us-east-2.amazonaws.com/ntask1/attempt16valid/8-protopool-tesnet-cub.png,https://amt-omiddavoodi.s3.us-east-2.amazonaws.com/ntask1/attempt16/43-deformable-tesnet-cars.png,https://amt-omiddavoodi.s3.us-east-2.amazonaws.com/ntask1/attempt16/232-deformable-ace-cub.png,https://amt-omiddavoodi.s3.us-east-2.amazonaws.com/ntask1/attempt16/122-ace-protopnet-cars.png,https://amt-omiddavoodi.s3.us-east-2.amazonaws.com/ntask1/attempt16/99-ace-prototree-cars.png,https://amt-omiddavoodi.s3.us-east-2.amazonaws.com/ntask1/attempt16/59-prototree-sparrow-cars.png,Both,,Both,Both,None,,Both,,None,,Both,,Both,,Right,,None,,Right,,x,,Both,None,Both,None,Both,Both,Right,None,Right,Both,nonequal,2
https://amt-omiddavoodi.s3.us-east-2.amazonaws.com/ntask1/attempt16/170-prototree-ace-cars.png,https://amt-omiddavoodi.s3.us-east-2.amazonaws.com/ntask1/attempt16/255-prototree-protopool-cars.png,https://amt-omiddavoodi.s3.us-east-2.amazonaws.com/ntask1/attempt16/147-sparrow-deformable-cars.png,https://amt-omiddavoodi.s3.us-east-2.amazonaws.com/ntask1/attempt16valid/78-sparrow-ace-cub.png,https://amt-omiddavoodi.s3.us-east-2.amazonaws.com/ntask1/attempt16/263-tesnet-prototree-imagenet.png,https://amt-omiddavoodi.s3.us-east-2.amazonaws.com/ntask1/attempt16/14-sparrow-deformable-cars.png,https://amt-omiddavoodi.s3.us-east-2.amazonaws.com/ntask1/attempt16/257-deformable-ace-cars.png,https://amt-omiddavoodi.s3.us-east-2.amazonaws.com/ntask1/attempt16/241-tesnet-ace-cars.png,https://amt-omiddavoodi.s3.us-east-2.amazonaws.com/ntask1/attempt16/221-protopool-tesnet-cub.png,https://amt-omiddavoodi.s3.us-east-2.amazonaws.com/ntask1/attempt16valid/8-protopool-tesnet-cub.png,Right,,Left,Left,None,,Right,,None,,Right,,Right,,None,,Right,,None,,,Failed Validation,Right,None,Right,None,Right,Right,None,Right,None,Left,nonequal,1
https://amt-omiddavoodi.s3.us-east-2.amazonaws.com/ntask1/attempt16/170-prototree-ace-cars.png,https://amt-omiddavoodi.s3.us-east-2.amazonaws.com/ntask1/attempt16/255-prototree-protopool-cars.png,https://amt-omiddavoodi.s3.us-east-2.amazonaws.com/ntask1/attempt16/147-sparrow-deformable-cars.png,https://amt-omiddavoodi.s3.us-east-2.amazonaws.com/ntask1/attempt16valid/78-sparrow-ace-cub.png,https://amt-omiddavoodi.s3.us-east-2.amazonaws.com/ntask1/attempt16/263-tesnet-prototree-imagenet.png,https://amt-omiddavoodi.s3.us-east-2.amazonaws.com/ntask1/attempt16/14-sparrow-deformable-cars.png,https://amt-omiddavoodi.s3.us-east-2.amazonaws.com/ntask1/attempt16/257-deformable-ace-cars.png,https://amt-omiddavoodi.s3.us-east-2.amazonaws.com/ntask1/attempt16/241-tesnet-ace-cars.png,https://amt-omiddavoodi.s3.us-east-2.amazonaws.com/ntask1/attempt16/221-protopool-tesnet-cub.png,https://amt-omiddavoodi.s3.us-east-2.amazonaws.com/ntask1/attempt16valid/8-protopool-tesnet-cub.png,Both,,Both,Both,Both,,Right,,None,,Both,,Right,,Both,,Both,,Right,,x,,Both,Both,Right,None,Both,Right,Both,Both,Right,Both,nonequal,2
https://amt-omiddavoodi.s3.us-east-2.amazonaws.com/ntask1/attempt16/53-protopnet-prototree-cars.png,https://amt-omiddavoodi.s3.us-east-2.amazonaws.com/ntask1/attempt16/41-protopool-tesnet-imagenet.png,https://amt-omiddavoodi.s3.us-east-2.amazonaws.com/ntask1/attempt16/198-protopool-protopnet-imagenet.png,https://amt-omiddavoodi.s3.us-east-2.amazonaws.com/ntask1/attempt16valid/12-ace-tesnet-cub.png,https://amt-omiddavoodi.s3.us-east-2.amazonaws.com/ntask1/attempt16valid/61-prototree-ace-cars.png,https://amt-omiddavoodi.s3.us-east-2.amazonaws.com/ntask1/attempt16/35-sparrow-tesnet-cars.png,https://amt-omiddavoodi.s3.us-east-2.amazonaws.com/ntask1/attempt16/165-prototree-sparrow-cub.png,https://amt-omiddavoodi.s3.us-east-2.amazonaws.com/ntask1/attempt16/179-protopnet-prototree-cars.png,https://amt-omiddavoodi.s3.us-east-2.amazonaws.com/ntask1/attempt16/101-sparrow-ace-imagenet.png,https://amt-omiddavoodi.s3.us-east-2.amazonaws.com/ntask1/attempt16/158-protopnet-deformable-imagenet.png,Right,,None,None,Left,,None,,Both,,None,,None,,None,,None,,Both,,,Failed Validation,Right,Left,None,Both,None,None,None,None,Both,None,nonequal,1
https://amt-omiddavoodi.s3.us-east-2.amazonaws.com/ntask1/attempt16/53-protopnet-prototree-cars.png,https://amt-omiddavoodi.s3.us-east-2.amazonaws.com/ntask1/attempt16/41-protopool-tesnet-imagenet.png,https://amt-omiddavoodi.s3.us-east-2.amazonaws.com/ntask1/attempt16/198-protopool-protopnet-imagenet.png,https://amt-omiddavoodi.s3.us-east-2.amazonaws.com/ntask1/attempt16valid/12-ace-tesnet-cub.png,https://amt-omiddavoodi.s3.us-east-2.amazonaws.com/ntask1/attempt16valid/61-prototree-ace-cars.png,https://amt-omiddavoodi.s3.us-east-2.amazonaws.com/ntask1/attempt16/35-sparrow-tesnet-cars.png,https://amt-omiddavoodi.s3.us-east-2.amazonaws.com/ntask1/attempt16/165-prototree-sparrow-cub.png,https://amt-omiddavoodi.s3.us-east-2.amazonaws.com/ntask1/attempt16/179-protopnet-prototree-cars.png,https://amt-omiddavoodi.s3.us-east-2.amazonaws.com/ntask1/attempt16/101-sparrow-ace-imagenet.png,https://amt-omiddavoodi.s3.us-east-2.amazonaws.com/ntask1/attempt16/158-protopnet-deformable-imagenet.png,Right,,Left,Left,Both,,Right,,Both,,Left,,Both,,Both,,Right,,Both,,x,,Right,Both,Right,Both,Left,Both,Both,Right,Both,Left,nonequal,2
https://amt-omiddavoodi.s3.us-east-2.amazonaws.com/ntask1/attempt16/132-protopnet-prototree-cars.png,https://amt-omiddavoodi.s3.us-east-2.amazonaws.com/ntask1/attempt16/104-sparrow-prototree-cars.png,https://amt-omiddavoodi.s3.us-east-2.amazonaws.com/ntask1/attempt16/33-deformable-protopool-cub.png,https://amt-omiddavoodi.s3.us-east-2.amazonaws.com/ntask1/attempt16/144-tesnet-sparrow-cars.png,https://amt-omiddavoodi.s3.us-east-2.amazonaws.com/ntask1/attempt16/74-prototree-protopool-imagenet.png,https://amt-omiddavoodi.s3.us-east-2.amazonaws.com/ntask1/attempt16valid/1-sparrow-tesnet-cars.png,https://amt-omiddavoodi.s3.us-east-2.amazonaws.com/ntask1/attempt16/250-sparrow-tesnet-cub.png,https://amt-omiddavoodi.s3.us-east-2.amazonaws.com/ntask1/attempt16/172-tesnet-sparrow-cars.png,https://amt-omiddavoodi.s3.us-east-2.amazonaws.com/ntask1/attempt16valid/8-sparrow-protopnet-cars.png,https://amt-omiddavoodi.s3.us-east-2.amazonaws.com/ntask1/attempt16/28-deformable-prototree-cars.png,Right,,Right,Right,Right,,Right,,None,,None,,Right,,None,,Right,,None,,,Failed Validation,Right,Right,Right,None,None,Right,None,Right,None,Right,nonequal,1
https://amt-omiddavoodi.s3.us-east-2.amazonaws.com/ntask1/attempt16/132-protopnet-prototree-cars.png,https://amt-omiddavoodi.s3.us-east-2.amazonaws.com/ntask1/attempt16/104-sparrow-prototree-cars.png,https://amt-omiddavoodi.s3.us-east-2.amazonaws.com/ntask1/attempt16/33-deformable-protopool-cub.png,https://amt-omiddavoodi.s3.us-east-2.amazonaws.com/ntask1/attempt16/144-tesnet-sparrow-cars.png,https://amt-omiddavoodi.s3.us-east-2.amazonaws.com/ntask1/attempt16/74-prototree-protopool-imagenet.png,https://amt-omiddavoodi.s3.us-east-2.amazonaws.com/ntask1/attempt16valid/1-sparrow-tesnet-cars.png,https://amt-omiddavoodi.s3.us-east-2.amazonaws.com/ntask1/attempt16/250-sparrow-tesnet-cub.png,https://amt-omiddavoodi.s3.us-east-2.amazonaws.com/ntask1/attempt16/172-tesnet-sparrow-cars.png,https://amt-omiddavoodi.s3.us-east-2.amazonaws.com/ntask1/attempt16valid/8-sparrow-protopnet-cars.png,https://amt-omiddavoodi.s3.us-east-2.amazonaws.com/ntask1/attempt16/28-deformable-prototree-cars.png,Right,,Right,Right,Right,,Right,,Both,,Both,,Both,,Both,,Both,,None,,x,,Right,Right,Right,Both,Both,Both,Both,Both,None,Right,nonequal,2
https://amt-omiddavoodi.s3.us-east-2.amazonaws.com/ntask1/attempt16/132-protopnet-prototree-cars.png,https://amt-omiddavoodi.s3.us-east-2.amazonaws.com/ntask1/attempt16/104-sparrow-prototree-cars.png,https://amt-omiddavoodi.s3.us-east-2.amazonaws.com/ntask1/attempt16/33-deformable-protopool-cub.png,https://amt-omiddavoodi.s3.us-east-2.amazonaws.com/ntask1/attempt16/144-tesnet-sparrow-cars.png,https://amt-omiddavoodi.s3.us-east-2.amazonaws.com/ntask1/attempt16/74-prototree-protopool-imagenet.png,https://amt-omiddavoodi.s3.us-east-2.amazonaws.com/ntask1/attempt16valid/1-sparrow-tesnet-cars.png,https://amt-omiddavoodi.s3.us-east-2.amazonaws.com/ntask1/attempt16/250-sparrow-tesnet-cub.png,https://amt-omiddavoodi.s3.us-east-2.amazonaws.com/ntask1/attempt16/172-tesnet-sparrow-cars.png,https://amt-omiddavoodi.s3.us-east-2.amazonaws.com/ntask1/attempt16valid/8-sparrow-protopnet-cars.png,https://amt-omiddavoodi.s3.us-east-2.amazonaws.com/ntask1/attempt16/28-deformable-prototree-cars.png,Right,,Right,Right,Right,,Right,,Both,,None,,Left,,None,,Both,,None,,x,,Right,Right,Right,Both,None,Left,None,Both,None,Right,nonequal,1
https://amt-omiddavoodi.s3.us-east-2.amazonaws.com/ntask1/attempt16/160-sparrow-protopool-cars.png,https://amt-omiddavoodi.s3.us-east-2.amazonaws.com/ntask1/attempt16valid/75-sparrow-prototree-cub.png,https://amt-omiddavoodi.s3.us-east-2.amazonaws.com/ntask1/attempt16/67-ace-protopnet-imagenet.png,https://amt-omiddavoodi.s3.us-east-2.amazonaws.com/ntask1/attempt16/265-protopool-protopnet-cars.png,https://amt-omiddavoodi.s3.us-east-2.amazonaws.com/ntask1/attempt16/139-tesnet-deformable-imagenet.png,https://amt-omiddavoodi.s3.us-east-2.amazonaws.com/ntask1/attempt16/98-tesnet-sparrow-imagenet.png,https://amt-omiddavoodi.s3.us-east-2.amazonaws.com/ntask1/attempt16/114-sparrow-prototree-cars.png,https://amt-omiddavoodi.s3.us-east-2.amazonaws.com/ntask1/attempt16valid/37-ace-protopnet-cars.png,https://amt-omiddavoodi.s3.us-east-2.amazonaws.com/ntask1/attempt16/42-protopool-deformable-imagenet.png,https://amt-omiddavoodi.s3.us-east-2.amazonaws.com/ntask1/attempt16/166-protopool-deformable-cars.png,Left,,Right,Right,None,,Both,,None,,Left,,Left,,None,,None,,Both,,,Failed Validation,Left,None,Both,None,Left,Left,None,None,Both,Right,nonequal,1
https://amt-omiddavoodi.s3.us-east-2.amazonaws.com/ntask1/attempt16/160-sparrow-protopool-cars.png,https://amt-omiddavoodi.s3.us-east-2.amazonaws.com/ntask1/attempt16valid/75-sparrow-prototree-cub.png,https://amt-omiddavoodi.s3.us-east-2.amazonaws.com/ntask1/attempt16/67-ace-protopnet-imagenet.png,https://amt-omiddavoodi.s3.us-east-2.amazonaws.com/ntask1/attempt16/265-protopool-protopnet-cars.png,https://amt-omiddavoodi.s3.us-east-2.amazonaws.com/ntask1/attempt16/139-tesnet-deformable-imagenet.png,https://amt-omiddavoodi.s3.us-east-2.amazonaws.com/ntask1/attempt16/98-tesnet-sparrow-imagenet.png,https://amt-omiddavoodi.s3.us-east-2.amazonaws.com/ntask1/attempt16/114-sparrow-prototree-cars.png,https://amt-omiddavoodi.s3.us-east-2.amazonaws.com/ntask1/attempt16valid/37-ace-protopnet-cars.png,https://amt-omiddavoodi.s3.us-east-2.amazonaws.com/ntask1/attempt16/42-protopool-deformable-imagenet.png,https://amt-omiddavoodi.s3.us-east-2.amazonaws.com/ntask1/attempt16/166-protopool-deformable-cars.png,Left,,Right,Right,Right,,Both,,None,,Both,,Left,,Right,,None,,Both,,x,,Left,Right,Both,None,Both,Left,Right,None,Both,Right,nonequal,2
https://amt-omiddavoodi.s3.us-east-2.amazonaws.com/ntask1/attempt16valid/89-protopnet-ace-cub.png,https://amt-omiddavoodi.s3.us-east-2.amazonaws.com/ntask1/attempt16valid/4-ace-sparrow-cars.png,https://amt-omiddavoodi.s3.us-east-2.amazonaws.com/ntask1/attempt16/88-protopool-deformable-cars.png,https://amt-omiddavoodi.s3.us-east-2.amazonaws.com/ntask1/attempt16/56-ace-tesnet-cub.png,https://amt-omiddavoodi.s3.us-east-2.amazonaws.com/ntask1/attempt16/135-ace-protopool-cars.png,https://amt-omiddavoodi.s3.us-east-2.amazonaws.com/ntask1/attempt16/82-sparrow-protopool-cars.png,https://amt-omiddavoodi.s3.us-east-2.amazonaws.com/ntask1/attempt16/91-protopnet-deformable-imagenet.png,https://amt-omiddavoodi.s3.us-east-2.amazonaws.com/ntask1/attempt16/13-protopool-deformable-imagenet.png,https://amt-omiddavoodi.s3.us-east-2.amazonaws.com/ntask1/attempt16/190-protopnet-prototree-cub.png,https://amt-omiddavoodi.s3.us-east-2.amazonaws.com/ntask1/attempt16/145-tesnet-protopnet-cars.png,None,,Right,Right,None,,Right,,None,,None,,None,,Left,,Left,,None,,,Failed Validation,None,None,Right,None,None,None,Left,Left,None,Right,nonequal,2
https://amt-omiddavoodi.s3.us-east-2.amazonaws.com/ntask1/attempt16valid/89-protopnet-ace-cub.png,https://amt-omiddavoodi.s3.us-east-2.amazonaws.com/ntask1/attempt16valid/4-ace-sparrow-cars.png,https://amt-omiddavoodi.s3.us-east-2.amazonaws.com/ntask1/attempt16/88-protopool-deformable-cars.png,https://amt-omiddavoodi.s3.us-east-2.amazonaws.com/ntask1/attempt16/56-ace-tesnet-cub.png,https://amt-omiddavoodi.s3.us-east-2.amazonaws.com/ntask1/attempt16/135-ace-protopool-cars.png,https://amt-omiddavoodi.s3.us-east-2.amazonaws.com/ntask1/attempt16/82-sparrow-protopool-cars.png,https://amt-omiddavoodi.s3.us-east-2.amazonaws.com/ntask1/attempt16/91-protopnet-deformable-imagenet.png,https://amt-omiddavoodi.s3.us-east-2.amazonaws.com/ntask1/attempt16/13-protopool-deformable-imagenet.png,https://amt-omiddavoodi.s3.us-east-2.amazonaws.com/ntask1/attempt16/190-protopnet-prototree-cub.png,https://amt-omiddavoodi.s3.us-east-2.amazonaws.com/ntask1/attempt16/145-tesnet-protopnet-cars.png,None,None,None,,None,,None,,None,,None,,None,,None,,None,,None,,,Failed Validation,None,None,None,None,None,None,None,None,None,None,,2
https://amt-omiddavoodi.s3.us-east-2.amazonaws.com/ntask1/attempt16valid/89-protopnet-ace-cub.png,https://amt-omiddavoodi.s3.us-east-2.amazonaws.com/ntask1/attempt16valid/4-ace-sparrow-cars.png,https://amt-omiddavoodi.s3.us-east-2.amazonaws.com/ntask1/attempt16/88-protopool-deformable-cars.png,https://amt-omiddavoodi.s3.us-east-2.amazonaws.com/ntask1/attempt16/56-ace-tesnet-cub.png,https://amt-omiddavoodi.s3.us-east-2.amazonaws.com/ntask1/attempt16/135-ace-protopool-cars.png,https://amt-omiddavoodi.s3.us-east-2.amazonaws.com/ntask1/attempt16/82-sparrow-protopool-cars.png,https://amt-omiddavoodi.s3.us-east-2.amazonaws.com/ntask1/attempt16/91-protopnet-deformable-imagenet.png,https://amt-omiddavoodi.s3.us-east-2.amazonaws.com/ntask1/attempt16/13-protopool-deformable-imagenet.png,https://amt-omiddavoodi.s3.us-east-2.amazonaws.com/ntask1/attempt16/190-protopnet-prototree-cub.png,https://amt-omiddavoodi.s3.us-east-2.amazonaws.com/ntask1/attempt16/145-tesnet-protopnet-cars.png,None,,Both,Both,None,,Right,,Right,,None,,Left,,Left,,Left,,Both,,x,,None,None,Right,Right,None,Left,Left,Left,Both,Both,nonequal,2
https://amt-omiddavoodi.s3.us-east-2.amazonaws.com/ntask1/attempt16/83-sparrow-deformable-cars.png,https://amt-omiddavoodi.s3.us-east-2.amazonaws.com/ntask1/attempt16/154-sparrow-deformable-cars.png,https://amt-omiddavoodi.s3.us-east-2.amazonaws.com/ntask1/attempt16/81-sparrow-deformable-cub.png,https://amt-omiddavoodi.s3.us-east-2.amazonaws.com/ntask1/attempt16/23-protopool-prototree-cub.png,https://amt-omiddavoodi.s3.us-east-2.amazonaws.com/ntask1/attempt16/38-prototree-tesnet-cars.png,https://amt-omiddavoodi.s3.us-east-2.amazonaws.com/ntask1/attempt16/70-tesnet-deformable-cars.png,https://amt-omiddavoodi.s3.us-east-2.amazonaws.com/ntask1/attempt16/216-protopnet-prototree-cub.png,https://amt-omiddavoodi.s3.us-east-2.amazonaws.com/ntask1/attempt16valid/21-protopnet-sparrow-cub.png,https://amt-omiddavoodi.s3.us-east-2.amazonaws.com/ntask1/attempt16/140-protopool-prototree-cars.png,https://amt-omiddavoodi.s3.us-east-2.amazonaws.com/ntask1/attempt16valid/8-sparrow-protopnet-cars.png,None,,None,None,Right,,Right,,None,,Right,,Right,,Left,,None,,Right,,,Failed Validation,None,Right,Right,None,Right,Right,Left,None,Right,None,nonequal,2
https://amt-omiddavoodi.s3.us-east-2.amazonaws.com/ntask1/attempt16/83-sparrow-deformable-cars.png,https://amt-omiddavoodi.s3.us-east-2.amazonaws.com/ntask1/attempt16/154-sparrow-deformable-cars.png,https://amt-omiddavoodi.s3.us-east-2.amazonaws.com/ntask1/attempt16/81-sparrow-deformable-cub.png,https://amt-omiddavoodi.s3.us-east-2.amazonaws.com/ntask1/attempt16/23-protopool-prototree-cub.png,https://amt-omiddavoodi.s3.us-east-2.amazonaws.com/ntask1/attempt16/38-prototree-tesnet-cars.png,https://amt-omiddavoodi.s3.us-east-2.amazonaws.com/ntask1/attempt16/70-tesnet-deformable-cars.png,https://amt-omiddavoodi.s3.us-east-2.amazonaws.com/ntask1/attempt16/216-protopnet-prototree-cub.png,https://amt-omiddavoodi.s3.us-east-2.amazonaws.com/ntask1/attempt16valid/21-protopnet-sparrow-cub.png,https://amt-omiddavoodi.s3.us-east-2.amazonaws.com/ntask1/attempt16/140-protopool-prototree-cars.png,https://amt-omiddavoodi.s3.us-east-2.amazonaws.com/ntask1/attempt16valid/8-sparrow-protopnet-cars.png,None,,None,None,Right,,Right,,Both,,Both,,Both,,Left,,None,,Both,,x,,None,Right,Right,Both,Both,Both,Left,None,Both,None,nonequal,2
https://amt-omiddavoodi.s3.us-east-2.amazonaws.com/ntask1/attempt16valid/89-ace-tesnet-cars.png,https://amt-omiddavoodi.s3.us-east-2.amazonaws.com/ntask1/attempt16/195-ace-tesnet-imagenet.png,https://amt-omiddavoodi.s3.us-east-2.amazonaws.com/ntask1/attempt16/245-ace-protopool-imagenet.png,https://amt-omiddavoodi.s3.us-east-2.amazonaws.com/ntask1/attempt16/119-protopool-deformable-cars.png,https://amt-omiddavoodi.s3.us-east-2.amazonaws.com/ntask1/attempt16/118-sparrow-tesnet-imagenet.png,https://amt-omiddavoodi.s3.us-east-2.amazonaws.com/ntask1/attempt16valid/78-sparrow-ace-cub.png,https://amt-omiddavoodi.s3.us-east-2.amazonaws.com/ntask1/attempt16/218-deformable-prototree-cars.png,https://amt-omiddavoodi.s3.us-east-2.amazonaws.com/ntask1/attempt16/185-tesnet-deformable-cars.png,https://amt-omiddavoodi.s3.us-east-2.amazonaws.com/ntask1/attempt16/161-deformable-sparrow-cub.png,https://amt-omiddavoodi.s3.us-east-2.amazonaws.com/ntask1/attempt16/31-protopnet-ace-cub.png,None,,None,None,Both,,Right,,None,,None,,None,,Both,,Right,,Left,,,Failed Validation,None,Both,Right,None,None,None,Both,Right,Left,None,nonequal,1
https://amt-omiddavoodi.s3.us-east-2.amazonaws.com/ntask1/attempt16valid/89-ace-tesnet-cars.png,https://amt-omiddavoodi.s3.us-east-2.amazonaws.com/ntask1/attempt16/195-ace-tesnet-imagenet.png,https://amt-omiddavoodi.s3.us-east-2.amazonaws.com/ntask1/attempt16/245-ace-protopool-imagenet.png,https://amt-omiddavoodi.s3.us-east-2.amazonaws.com/ntask1/attempt16/119-protopool-deformable-cars.png,https://amt-omiddavoodi.s3.us-east-2.amazonaws.com/ntask1/attempt16/118-sparrow-tesnet-imagenet.png,https://amt-omiddavoodi.s3.us-east-2.amazonaws.com/ntask1/attempt16valid/78-sparrow-ace-cub.png,https://amt-omiddavoodi.s3.us-east-2.amazonaws.com/ntask1/attempt16/218-deformable-prototree-cars.png,https://amt-omiddavoodi.s3.us-east-2.amazonaws.com/ntask1/attempt16/185-tesnet-deformable-cars.png,https://amt-omiddavoodi.s3.us-east-2.amazonaws.com/ntask1/attempt16/161-deformable-sparrow-cub.png,https://amt-omiddavoodi.s3.us-east-2.amazonaws.com/ntask1/attempt16/31-protopnet-ace-cub.png,Right,,Left,Left,Both,,Right,,None,,Right,,None,,Both,,Both,,Left,,x,,Right,Both,Right,None,Right,None,Both,Both,Left,Left,nonequal,2
https://amt-omiddavoodi.s3.us-east-2.amazonaws.com/ntask1/attempt16/162-ace-deformable-imagenet.png,https://amt-omiddavoodi.s3.us-east-2.amazonaws.com/ntask1/attempt16valid/89-protopnet-ace-cub.png,https://amt-omiddavoodi.s3.us-east-2.amazonaws.com/ntask1/attempt16/164-prototree-ace-cars.png,https://amt-omiddavoodi.s3.us-east-2.amazonaws.com/ntask1/attempt16/177-sparrow-ace-cars.png,https://amt-omiddavoodi.s3.us-east-2.amazonaws.com/ntask1/attempt16/196-deformable-protopnet-cars.png,https://amt-omiddavoodi.s3.us-east-2.amazonaws.com/ntask1/attempt16/192-prototree-protopool-imagenet.png,https://amt-omiddavoodi.s3.us-east-2.amazonaws.com/ntask1/attempt16/54-deformable-protopool-cars.png,https://amt-omiddavoodi.s3.us-east-2.amazonaws.com/ntask1/attempt16/217-protopnet-tesnet-imagenet.png,https://amt-omiddavoodi.s3.us-east-2.amazonaws.com/ntask1/attempt16/206-protopnet-tesnet-imagenet.png,https://amt-omiddavoodi.s3.us-east-2.amazonaws.com/ntask1/attempt16valid/20-protopool-prototree-cars.png,Left,,Right,Right,None,,None,,None,,Left,,Right,,Left,,Left,,Both,,,Failed Validation,Left,None,None,None,Left,Right,Left,Left,Both,Right,nonequal,2
https://amt-omiddavoodi.s3.us-east-2.amazonaws.com/ntask1/attempt16/162-ace-deformable-imagenet.png,https://amt-omiddavoodi.s3.us-east-2.amazonaws.com/ntask1/attempt16valid/89-protopnet-ace-cub.png,https://amt-omiddavoodi.s3.us-east-2.amazonaws.com/ntask1/attempt16/164-prototree-ace-cars.png,https://amt-omiddavoodi.s3.us-east-2.amazonaws.com/ntask1/attempt16/177-sparrow-ace-cars.png,https://amt-omiddavoodi.s3.us-east-2.amazonaws.com/ntask1/attempt16/196-deformable-protopnet-cars.png,https://amt-omiddavoodi.s3.us-east-2.amazonaws.com/ntask1/attempt16/192-prototree-protopool-imagenet.png,https://amt-omiddavoodi.s3.us-east-2.amazonaws.com/ntask1/attempt16/54-deformable-protopool-cars.png,https://amt-omiddavoodi.s3.us-east-2.amazonaws.com/ntask1/attempt16/217-protopnet-tesnet-imagenet.png,https://amt-omiddavoodi.s3.us-east-2.amazonaws.com/ntask1/attempt16/206-protopnet-tesnet-imagenet.png,https://amt-omiddavoodi.s3.us-east-2.amazonaws.com/ntask1/attempt16valid/20-protopool-prototree-cars.png,Left,,Right,Right,None,,Left,,Left,,Left,,Both,,Left,,Both,,Both,,x,,Left,None,Left,Left,Left,Both,Left,Both,Both,Right,nonequal,2
https://amt-omiddavoodi.s3.us-east-2.amazonaws.com/ntask1/attempt16/37-sparrow-tesnet-imagenet.png,https://amt-omiddavoodi.s3.us-east-2.amazonaws.com/ntask1/attempt16/27-protopool-protopnet-cars.png,https://amt-omiddavoodi.s3.us-east-2.amazonaws.com/ntask1/attempt16/142-protopnet-deformable-cub.png,https://amt-omiddavoodi.s3.us-east-2.amazonaws.com/ntask1/attempt16/89-prototree-ace-cub.png,https://amt-omiddavoodi.s3.us-east-2.amazonaws.com/ntask1/attempt16/64-protopool-protopnet-cub.png,https://amt-omiddavoodi.s3.us-east-2.amazonaws.com/ntask1/attempt16valid/8-sparrow-protopnet-cars.png,https://amt-omiddavoodi.s3.us-east-2.amazonaws.com/ntask1/attempt16/244-sparrow-ace-imagenet.png,https://amt-omiddavoodi.s3.us-east-2.amazonaws.com/ntask1/attempt16/251-sparrow-prototree-imagenet.png,https://amt-omiddavoodi.s3.us-east-2.amazonaws.com/ntask1/attempt16/186-sparrow-prototree-cars.png,https://amt-omiddavoodi.s3.us-east-2.amazonaws.com/ntask1/attempt16valid/7-protopnet-deformable-cub.png,Left,,None,None,Right,,Right,,Both,,Right,,None,,Right,,None,,Right,,,Failed Validation,Left,Right,Right,Both,Right,None,Right,None,Right,None,nonequal,2
https://amt-omiddavoodi.s3.us-east-2.amazonaws.com/ntask1/attempt16/37-sparrow-tesnet-imagenet.png,https://amt-omiddavoodi.s3.us-east-2.amazonaws.com/ntask1/attempt16/27-protopool-protopnet-cars.png,https://amt-omiddavoodi.s3.us-east-2.amazonaws.com/ntask1/attempt16/142-protopnet-deformable-cub.png,https://amt-omiddavoodi.s3.us-east-2.amazonaws.com/ntask1/attempt16/89-prototree-ace-cub.png,https://amt-omiddavoodi.s3.us-east-2.amazonaws.com/ntask1/attempt16/64-protopool-protopnet-cub.png,https://amt-omiddavoodi.s3.us-east-2.amazonaws.com/ntask1/attempt16valid/8-sparrow-protopnet-cars.png,https://amt-omiddavoodi.s3.us-east-2.amazonaws.com/ntask1/attempt16/244-sparrow-ace-imagenet.png,https://amt-omiddavoodi.s3.us-east-2.amazonaws.com/ntask1/attempt16/251-sparrow-prototree-imagenet.png,https://amt-omiddavoodi.s3.us-east-2.amazonaws.com/ntask1/attempt16/186-sparrow-prototree-cars.png,https://amt-omiddavoodi.s3.us-east-2.amazonaws.com/ntask1/attempt16valid/7-protopnet-deformable-cub.png,Both,,None,None,Right,,Both,,Both,,Both,,None,,Both,,Right,,Right,,x,,Both,Right,Both,Both,Both,None,Both,Right,Right,None,nonequal,2
https://amt-omiddavoodi.s3.us-east-2.amazonaws.com/ntask1/attempt16valid/59-prototree-sparrow-imagenet.png,https://amt-omiddavoodi.s3.us-east-2.amazonaws.com/ntask1/attempt16/242-protopool-ace-imagenet.png,https://amt-omiddavoodi.s3.us-east-2.amazonaws.com/ntask1/attempt16/261-protopnet-protopool-cars.png,https://amt-omiddavoodi.s3.us-east-2.amazonaws.com/ntask1/attempt16/137-protopnet-deformable-imagenet.png,https://amt-omiddavoodi.s3.us-east-2.amazonaws.com/ntask1/attempt16/202-deformable-prototree-imagenet.png,https://amt-omiddavoodi.s3.us-east-2.amazonaws.com/ntask1/attempt16/40-sparrow-tesnet-imagenet.png,https://amt-omiddavoodi.s3.us-east-2.amazonaws.com/ntask1/attempt16valid/74-sparrow-ace-cub.png,https://amt-omiddavoodi.s3.us-east-2.amazonaws.com/ntask1/attempt16/94-tesnet-protopool-imagenet.png,https://amt-omiddavoodi.s3.us-east-2.amazonaws.com/ntask1/attempt16/213-sparrow-prototree-imagenet.png,https://amt-omiddavoodi.s3.us-east-2.amazonaws.com/ntask1/attempt16/130-sparrow-prototree-cars.png,Left,,Right,Right,Both,,Left,,Left,,None,,Right,,None,,Right,,Right,,,Failed Validation,Left,Both,Left,Left,None,Right,None,Right,Right,Right,nonequal,2
https://amt-omiddavoodi.s3.us-east-2.amazonaws.com/ntask1/attempt16valid/59-prototree-sparrow-imagenet.png,https://amt-omiddavoodi.s3.us-east-2.amazonaws.com/ntask1/attempt16/242-protopool-ace-imagenet.png,https://amt-omiddavoodi.s3.us-east-2.amazonaws.com/ntask1/attempt16/261-protopnet-protopool-cars.png,https://amt-omiddavoodi.s3.us-east-2.amazonaws.com/ntask1/attempt16/137-protopnet-deformable-imagenet.png,https://amt-omiddavoodi.s3.us-east-2.amazonaws.com/ntask1/attempt16/202-deformable-prototree-imagenet.png,https://amt-omiddavoodi.s3.us-east-2.amazonaws.com/ntask1/attempt16/40-sparrow-tesnet-imagenet.png,https://amt-omiddavoodi.s3.us-east-2.amazonaws.com/ntask1/attempt16valid/74-sparrow-ace-cub.png,https://amt-omiddavoodi.s3.us-east-2.amazonaws.com/ntask1/attempt16/94-tesnet-protopool-imagenet.png,https://amt-omiddavoodi.s3.us-east-2.amazonaws.com/ntask1/attempt16/213-sparrow-prototree-imagenet.png,https://amt-omiddavoodi.s3.us-east-2.amazonaws.com/ntask1/attempt16/130-sparrow-prototree-cars.png,Left,,Right,Right,Both,,Left,,Left,,Right,,Right,,None,,Both,,Right,,x,,Left,Both,Left,Left,Right,Right,None,Both,Right,Right,nonequal,2
https://amt-omiddavoodi.s3.us-east-2.amazonaws.com/ntask1/attempt16/169-ace-protopnet-imagenet.png,https://amt-omiddavoodi.s3.us-east-2.amazonaws.com/ntask1/attempt16valid/63-tesnet-ace-cars.png,https://amt-omiddavoodi.s3.us-east-2.amazonaws.com/ntask1/attempt16/112-protopool-sparrow-cub.png,https://amt-omiddavoodi.s3.us-east-2.amazonaws.com/ntask1/attempt16/133-protopool-tesnet-imagenet.png,https://amt-omiddavoodi.s3.us-east-2.amazonaws.com/ntask1/attempt16/45-ace-tesnet-cub.png,https://amt-omiddavoodi.s3.us-east-2.amazonaws.com/ntask1/attempt16/61-tesnet-sparrow-cars.png,https://amt-omiddavoodi.s3.us-east-2.amazonaws.com/ntask1/attempt16valid/98-prototree-sparrow-cub.png,https://amt-omiddavoodi.s3.us-east-2.amazonaws.com/ntask1/attempt16/95-protopool-tesnet-imagenet.png,https://amt-omiddavoodi.s3.us-east-2.amazonaws.com/ntask1/attempt16/92-deformable-prototree-cars.png,https://amt-omiddavoodi.s3.us-east-2.amazonaws.com/ntask1/attempt16/187-protopool-tesnet-cub.png,Both,Both,Right,Right,Left,Left,Right,Right,Both,Both,Left,Left,Left,Left,None,None,Right,,Both,,,Failed Validation,Both,Left,Right,Both,Left,Left,None,Right,Both,Right,nonequal,2
https://amt-omiddavoodi.s3.us-east-2.amazonaws.com/ntask1/attempt16/169-ace-protopnet-imagenet.png,https://amt-omiddavoodi.s3.us-east-2.amazonaws.com/ntask1/attempt16valid/63-tesnet-ace-cars.png,https://amt-omiddavoodi.s3.us-east-2.amazonaws.com/ntask1/attempt16/112-protopool-sparrow-cub.png,https://amt-omiddavoodi.s3.us-east-2.amazonaws.com/ntask1/attempt16/133-protopool-tesnet-imagenet.png,https://amt-omiddavoodi.s3.us-east-2.amazonaws.com/ntask1/attempt16/45-ace-tesnet-cub.png,https://amt-omiddavoodi.s3.us-east-2.amazonaws.com/ntask1/attempt16/61-tesnet-sparrow-cars.png,https://amt-omiddavoodi.s3.us-east-2.amazonaws.com/ntask1/attempt16valid/98-prototree-sparrow-cub.png,https://amt-omiddavoodi.s3.us-east-2.amazonaws.com/ntask1/attempt16/95-protopool-tesnet-imagenet.png,https://amt-omiddavoodi.s3.us-east-2.amazonaws.com/ntask1/attempt16/92-deformable-prototree-cars.png,https://amt-omiddavoodi.s3.us-east-2.amazonaws.com/ntask1/attempt16/187-protopool-tesnet-cub.png,Both,,Both,Both,Left,,Both,,Both,,Both,,Left,,None,,Both,,Both,,x,,Both,Left,Both,Both,Both,Left,None,Both,Both,Both,nonequal,2
https://amt-omiddavoodi.s3.us-east-2.amazonaws.com/ntask1/attempt16/264-protopnet-sparrow-cars.png,https://amt-omiddavoodi.s3.us-east-2.amazonaws.com/ntask1/attempt16/126-sparrow-prototree-cub.png,https://amt-omiddavoodi.s3.us-east-2.amazonaws.com/ntask1/attempt16/68-protopool-tesnet-cars.png,https://amt-omiddavoodi.s3.us-east-2.amazonaws.com/ntask1/attempt16/253-protopnet-deformable-imagenet.png,https://amt-omiddavoodi.s3.us-east-2.amazonaws.com/ntask1/attempt16valid/60-ace-prototree-cub.png,https://amt-omiddavoodi.s3.us-east-2.amazonaws.com/ntask1/attempt16/85-tesnet-deformable-cars.png,https://amt-omiddavoodi.s3.us-east-2.amazonaws.com/ntask1/attempt16/46-prototree-protopool-cars.png,https://amt-omiddavoodi.s3.us-east-2.amazonaws.com/ntask1/attempt16/71-prototree-tesnet-imagenet.png,https://amt-omiddavoodi.s3.us-east-2.amazonaws.com/ntask1/attempt16/107-ace-protopool-imagenet.png,https://amt-omiddavoodi.s3.us-east-2.amazonaws.com/ntask1/attempt16valid/11-protopnet-sparrow-cub.png,None,,None,None,None,,Right,,Left,,Both,,Right,,Left,,Both,,Both,,,Failed Validation,None,None,Right,Left,Both,Right,Left,Both,Both,None,nonequal,2
https://amt-omiddavoodi.s3.us-east-2.amazonaws.com/ntask1/attempt16/264-protopnet-sparrow-cars.png,https://amt-omiddavoodi.s3.us-east-2.amazonaws.com/ntask1/attempt16/126-sparrow-prototree-cub.png,https://amt-omiddavoodi.s3.us-east-2.amazonaws.com/ntask1/attempt16/68-protopool-tesnet-cars.png,https://amt-omiddavoodi.s3.us-east-2.amazonaws.com/ntask1/attempt16/253-protopnet-deformable-imagenet.png,https://amt-omiddavoodi.s3.us-east-2.amazonaws.com/ntask1/attempt16valid/60-ace-prototree-cub.png,https://amt-omiddavoodi.s3.us-east-2.amazonaws.com/ntask1/attempt16/85-tesnet-deformable-cars.png,https://amt-omiddavoodi.s3.us-east-2.amazonaws.com/ntask1/attempt16/46-prototree-protopool-cars.png,https://amt-omiddavoodi.s3.us-east-2.amazonaws.com/ntask1/attempt16/71-prototree-tesnet-imagenet.png,https://amt-omiddavoodi.s3.us-east-2.amazonaws.com/ntask1/attempt16/107-ace-protopool-imagenet.png,https://amt-omiddavoodi.s3.us-east-2.amazonaws.com/ntask1/attempt16valid/11-protopnet-sparrow-cub.png,None,,None,None,None,,Right,,Left,,Both,,Right,,Left,,Both,,Right,,x,,None,None,Right,Left,Both,Right,Left,Both,Right,None,nonequal,2
https://amt-omiddavoodi.s3.us-east-2.amazonaws.com/ntask1/attempt16/264-protopnet-sparrow-cars.png,https://amt-omiddavoodi.s3.us-east-2.amazonaws.com/ntask1/attempt16/126-sparrow-prototree-cub.png,https://amt-omiddavoodi.s3.us-east-2.amazonaws.com/ntask1/attempt16/68-protopool-tesnet-cars.png,https://amt-omiddavoodi.s3.us-east-2.amazonaws.com/ntask1/attempt16/253-protopnet-deformable-imagenet.png,https://amt-omiddavoodi.s3.us-east-2.amazonaws.com/ntask1/attempt16valid/60-ace-prototree-cub.png,https://amt-omiddavoodi.s3.us-east-2.amazonaws.com/ntask1/attempt16/85-tesnet-deformable-cars.png,https://amt-omiddavoodi.s3.us-east-2.amazonaws.com/ntask1/attempt16/46-prototree-protopool-cars.png,https://amt-omiddavoodi.s3.us-east-2.amazonaws.com/ntask1/attempt16/71-prototree-tesnet-imagenet.png,https://amt-omiddavoodi.s3.us-east-2.amazonaws.com/ntask1/attempt16/107-ace-protopool-imagenet.png,https://amt-omiddavoodi.s3.us-east-2.amazonaws.com/ntask1/attempt16valid/11-protopnet-sparrow-cub.png,None,None,None,None,None,,Right,,Left,,Both,,Right,,Left,,Both,,Right,,x,,None,None,Right,Left,Both,Right,Left,Both,Right,None,nonequal,2
https://amt-omiddavoodi.s3.us-east-2.amazonaws.com/ntask1/attempt16valid/56-protopnet-tesnet-cars.png,https://amt-omiddavoodi.s3.us-east-2.amazonaws.com/ntask1/attempt16/205-protopool-protopnet-cars.png,https://amt-omiddavoodi.s3.us-east-2.amazonaws.com/ntask1/attempt16/200-ace-protopnet-imagenet.png,https://amt-omiddavoodi.s3.us-east-2.amazonaws.com/ntask1/attempt16/229-protopnet-protopool-cub.png,https://amt-omiddavoodi.s3.us-east-2.amazonaws.com/ntask1/attempt16/110-deformable-prototree-cars.png,https://amt-omiddavoodi.s3.us-east-2.amazonaws.com/ntask1/attempt16/9-protopool-ace-cub.png,https://amt-omiddavoodi.s3.us-east-2.amazonaws.com/ntask1/attempt16valid/27-tesnet-ace-cars.png,https://amt-omiddavoodi.s3.us-east-2.amazonaws.com/ntask1/attempt16/156-tesnet-protopnet-cars.png,https://amt-omiddavoodi.s3.us-east-2.amazonaws.com/ntask1/attempt16/84-deformable-ace-cars.png,https://amt-omiddavoodi.s3.us-east-2.amazonaws.com/ntask1/attempt16/212-ace-deformable-imagenet.png,None,,Left,Left,None,,Right,,None,,Left,,None,,None,,Left,,Left,,,Failed Validation,None,None,Right,None,Left,None,None,Left,Left,Left,nonequal,0
https://amt-omiddavoodi.s3.us-east-2.amazonaws.com/ntask1/attempt16valid/56-protopnet-tesnet-cars.png,https://amt-omiddavoodi.s3.us-east-2.amazonaws.com/ntask1/attempt16/205-protopool-protopnet-cars.png,https://amt-omiddavoodi.s3.us-east-2.amazonaws.com/ntask1/attempt16/200-ace-protopnet-imagenet.png,https://amt-omiddavoodi.s3.us-east-2.amazonaws.com/ntask1/attempt16/229-protopnet-protopool-cub.png,https://amt-omiddavoodi.s3.us-east-2.amazonaws.com/ntask1/attempt16/110-deformable-prototree-cars.png,https://amt-omiddavoodi.s3.us-east-2.amazonaws.com/ntask1/attempt16/9-protopool-ace-cub.png,https://amt-omiddavoodi.s3.us-east-2.amazonaws.com/ntask1/attempt16valid/27-tesnet-ace-cars.png,https://amt-omiddavoodi.s3.us-east-2.amazonaws.com/ntask1/attempt16/156-tesnet-protopnet-cars.png,https://amt-omiddavoodi.s3.us-east-2.amazonaws.com/ntask1/attempt16/84-deformable-ace-cars.png,https://amt-omiddavoodi.s3.us-east-2.amazonaws.com/ntask1/attempt16/212-ace-deformable-imagenet.png,Right,Right,Right,,Right,,Right,,Right,,Right,,Right,,Right,,Right,,Right,,,Failed Validation,Right,Right,Right,Right,Right,Right,Right,Right,Right,Right,,2
https://amt-omiddavoodi.s3.us-east-2.amazonaws.com/ntask1/attempt16valid/56-protopnet-tesnet-cars.png,https://amt-omiddavoodi.s3.us-east-2.amazonaws.com/ntask1/attempt16/205-protopool-protopnet-cars.png,https://amt-omiddavoodi.s3.us-east-2.amazonaws.com/ntask1/attempt16/200-ace-protopnet-imagenet.png,https://amt-omiddavoodi.s3.us-east-2.amazonaws.com/ntask1/attempt16/229-protopnet-protopool-cub.png,https://amt-omiddavoodi.s3.us-east-2.amazonaws.com/ntask1/attempt16/110-deformable-prototree-cars.png,https://amt-omiddavoodi.s3.us-east-2.amazonaws.com/ntask1/attempt16/9-protopool-ace-cub.png,https://amt-omiddavoodi.s3.us-east-2.amazonaws.com/ntask1/attempt16valid/27-tesnet-ace-cars.png,https://amt-omiddavoodi.s3.us-east-2.amazonaws.com/ntask1/attempt16/156-tesnet-protopnet-cars.png,https://amt-omiddavoodi.s3.us-east-2.amazonaws.com/ntask1/attempt16/84-deformable-ace-cars.png,https://amt-omiddavoodi.s3.us-east-2.amazonaws.com/ntask1/attempt16/212-ace-deformable-imagenet.png,Right,,Left,Left,None,,Right,,Both,,Both,,None,,Left,,Left,,Left,,x,,Right,None,Right,Both,Both,None,Left,Left,Left,Left,nonequal,1
https://amt-omiddavoodi.s3.us-east-2.amazonaws.com/ntask1/attempt16/0-prototree-deformable-cars.png,https://amt-omiddavoodi.s3.us-east-2.amazonaws.com/ntask1/attempt16valid/53-protopnet-tesnet-cub.png,https://amt-omiddavoodi.s3.us-east-2.amazonaws.com/ntask1/attempt16valid/91-protopnet-sparrow-cars.png,https://amt-omiddavoodi.s3.us-east-2.amazonaws.com/ntask1/attempt16/211-prototree-ace-cars.png,https://amt-omiddavoodi.s3.us-east-2.amazonaws.com/ntask1/attempt16/57-ace-tesnet-imagenet.png,https://amt-omiddavoodi.s3.us-east-2.amazonaws.com/ntask1/attempt16/5-sparrow-protopool-cars.png,https://amt-omiddavoodi.s3.us-east-2.amazonaws.com/ntask1/attempt16/39-ace-sparrow-cars.png,https://amt-omiddavoodi.s3.us-east-2.amazonaws.com/ntask1/attempt16/149-protopool-ace-cub.png,https://amt-omiddavoodi.s3.us-east-2.amazonaws.com/ntask1/attempt16/113-ace-deformable-cars.png,https://amt-omiddavoodi.s3.us-east-2.amazonaws.com/ntask1/attempt16/203-ace-tesnet-cars.png,Both,,None,None,None,,None,,Left,,Both,,None,,Right,,None,,Left,,,Failed Validation,Both,None,None,Left,Both,None,Right,None,Left,None,nonequal,1
https://amt-omiddavoodi.s3.us-east-2.amazonaws.com/ntask1/attempt16/0-prototree-deformable-cars.png,https://amt-omiddavoodi.s3.us-east-2.amazonaws.com/ntask1/attempt16valid/53-protopnet-tesnet-cub.png,https://amt-omiddavoodi.s3.us-east-2.amazonaws.com/ntask1/attempt16valid/91-protopnet-sparrow-cars.png,https://amt-omiddavoodi.s3.us-east-2.amazonaws.com/ntask1/attempt16/211-prototree-ace-cars.png,https://amt-omiddavoodi.s3.us-east-2.amazonaws.com/ntask1/attempt16/57-ace-tesnet-imagenet.png,https://amt-omiddavoodi.s3.us-east-2.amazonaws.com/ntask1/attempt16/5-sparrow-protopool-cars.png,https://amt-omiddavoodi.s3.us-east-2.amazonaws.com/ntask1/attempt16/39-ace-sparrow-cars.png,https://amt-omiddavoodi.s3.us-east-2.amazonaws.com/ntask1/attempt16/149-protopool-ace-cub.png,https://amt-omiddavoodi.s3.us-east-2.amazonaws.com/ntask1/attempt16/113-ace-deformable-cars.png,https://amt-omiddavoodi.s3.us-east-2.amazonaws.com/ntask1/attempt16/203-ace-tesnet-cars.png,Both,,Right,Right,Both,,None,,Left,,Both,,None,,Right,,Left,,Both,,x,,Both,Both,None,Left,Both,None,Right,Left,Both,Right,nonequal,2
https://amt-omiddavoodi.s3.us-east-2.amazonaws.com/ntask1/attempt16/7-protopool-protopnet-cars.png,https://amt-omiddavoodi.s3.us-east-2.amazonaws.com/ntask1/attempt16/100-prototree-ace-imagenet.png,https://amt-omiddavoodi.s3.us-east-2.amazonaws.com/ntask1/attempt16/178-protopnet-protopool-cub.png,https://amt-omiddavoodi.s3.us-east-2.amazonaws.com/ntask1/attempt16/73-protopool-tesnet-cars.png,https://amt-omiddavoodi.s3.us-east-2.amazonaws.com/ntask1/attempt16/183-prototree-sparrow-cars.png,https://amt-omiddavoodi.s3.us-east-2.amazonaws.com/ntask1/attempt16/197-deformable-ace-cars.png,https://amt-omiddavoodi.s3.us-east-2.amazonaws.com/ntask1/attempt16valid/36-tesnet-deformable-cub.png,https://amt-omiddavoodi.s3.us-east-2.amazonaws.com/ntask1/attempt16/168-sparrow-tesnet-cars.png,https://amt-omiddavoodi.s3.us-east-2.amazonaws.com/ntask1/attempt16valid/56-protopnet-tesnet-cars.png,https://amt-omiddavoodi.s3.us-east-2.amazonaws.com/ntask1/attempt16/49-sparrow-prototree-imagenet.png,None,,None,None,Right,,Right,,None,,Right,,None,,Right,,Left,,None,,,Failed Validation,None,Right,Right,None,Right,None,Right,Left,None,None,nonequal,0
https://amt-omiddavoodi.s3.us-east-2.amazonaws.com/ntask1/attempt16/7-protopool-protopnet-cars.png,https://amt-omiddavoodi.s3.us-east-2.amazonaws.com/ntask1/attempt16/100-prototree-ace-imagenet.png,https://amt-omiddavoodi.s3.us-east-2.amazonaws.com/ntask1/attempt16/178-protopnet-protopool-cub.png,https://amt-omiddavoodi.s3.us-east-2.amazonaws.com/ntask1/attempt16/73-protopool-tesnet-cars.png,https://amt-omiddavoodi.s3.us-east-2.amazonaws.com/ntask1/attempt16/183-prototree-sparrow-cars.png,https://amt-omiddavoodi.s3.us-east-2.amazonaws.com/ntask1/attempt16/197-deformable-ace-cars.png,https://amt-omiddavoodi.s3.us-east-2.amazonaws.com/ntask1/attempt16valid/36-tesnet-deformable-cub.png,https://amt-omiddavoodi.s3.us-east-2.amazonaws.com/ntask1/attempt16/168-sparrow-tesnet-cars.png,https://amt-omiddavoodi.s3.us-east-2.amazonaws.com/ntask1/attempt16valid/56-protopnet-tesnet-cars.png,https://amt-omiddavoodi.s3.us-east-2.amazonaws.com/ntask1/attempt16/49-sparrow-prototree-imagenet.png,Left,,Right,Right,Both,,Both,,Right,,Both,,None,,Both,,Both,,Right,,x,,Left,Both,Both,Right,Both,None,Both,Both,Right,Right,nonequal,2
