Input.image_url1,Input.image_url2,Input.image_url3,Input.image_url4,Input.image_url5,Input.image_url6,Input.image_url7,Input.image_url8,Input.image_url9,Input.image_url10,Answer.category1,Answer.category1.label,Answer.category10.label,Answer.category2,Answer.category3,Answer.category4,Answer.category5,Answer.category6,Answer.category7,Answer.category8,Answer.category9,Approve,Reject,answer1,answer2,answer3,answer4,answer5,answer6,answer7,answer8,answer9,Answer.category10,answer10,test1,validcorrect
https://amt-omiddavoodi.s3.us-east-2.amazonaws.com/ntask1/attempt18/2-prototree-deformable-cub.png,https://amt-omiddavoodi.s3.us-east-2.amazonaws.com/ntask1/attempt18/42-prototree-ace-imagenet.png,https://amt-omiddavoodi.s3.us-east-2.amazonaws.com/ntask1/attempt18/4-ace-tesnet-cars.png,https://amt-omiddavoodi.s3.us-east-2.amazonaws.com/ntask1/attempt18valid/139-deformable-prototree-imagenet.png,https://amt-omiddavoodi.s3.us-east-2.amazonaws.com/ntask1/attempt18/64-protopnet-prototree-cars.png,https://amt-omiddavoodi.s3.us-east-2.amazonaws.com/ntask1/attempt18valid/38-ace-prototree-cars.png,https://amt-omiddavoodi.s3.us-east-2.amazonaws.com/ntask1/attempt18/70-sparrow-tesnet-imagenet.png,https://amt-omiddavoodi.s3.us-east-2.amazonaws.com/ntask1/attempt18/62-tesnet-ace-cub.png,https://amt-omiddavoodi.s3.us-east-2.amazonaws.com/ntask1/attempt18/61-tesnet-protopool-cub.png,https://amt-omiddavoodi.s3.us-east-2.amazonaws.com/ntask1/attempt18/25-prototree-deformable-cub.png,Pair 2,,Pair 2,Pair 1,Pair 2,Pair 2,Pair 2,Pair 1,Pair 2,Pair 1,Pair 2,x,,Pair 2,Pair 1,Pair 2,Pair 2,Pair 2,Pair 1,Pair 2,Pair 1,Pair 2,Pair 2,Pair 2,nonequal,2
https://amt-omiddavoodi.s3.us-east-2.amazonaws.com/ntask1/attempt18/2-prototree-deformable-cub.png,https://amt-omiddavoodi.s3.us-east-2.amazonaws.com/ntask1/attempt18/42-prototree-ace-imagenet.png,https://amt-omiddavoodi.s3.us-east-2.amazonaws.com/ntask1/attempt18/4-ace-tesnet-cars.png,https://amt-omiddavoodi.s3.us-east-2.amazonaws.com/ntask1/attempt18valid/139-deformable-prototree-imagenet.png,https://amt-omiddavoodi.s3.us-east-2.amazonaws.com/ntask1/attempt18/64-protopnet-prototree-cars.png,https://amt-omiddavoodi.s3.us-east-2.amazonaws.com/ntask1/attempt18valid/38-ace-prototree-cars.png,https://amt-omiddavoodi.s3.us-east-2.amazonaws.com/ntask1/attempt18/70-sparrow-tesnet-imagenet.png,https://amt-omiddavoodi.s3.us-east-2.amazonaws.com/ntask1/attempt18/62-tesnet-ace-cub.png,https://amt-omiddavoodi.s3.us-east-2.amazonaws.com/ntask1/attempt18/61-tesnet-protopool-cub.png,https://amt-omiddavoodi.s3.us-east-2.amazonaws.com/ntask1/attempt18/25-prototree-deformable-cub.png,Pair 1,,Pair 2,Pair 1,Pair 2,Pair 2,Pair 1,Pair 2,Pair 2,Pair 1,Pair 1,x,,Pair 1,Pair 1,Pair 2,Pair 2,Pair 1,Pair 2,Pair 2,Pair 1,Pair 1,Pair 2,Pair 2,nonequal,1
https://amt-omiddavoodi.s3.us-east-2.amazonaws.com/ntask1/attempt18/2-prototree-deformable-cub.png,https://amt-omiddavoodi.s3.us-east-2.amazonaws.com/ntask1/attempt18/42-prototree-ace-imagenet.png,https://amt-omiddavoodi.s3.us-east-2.amazonaws.com/ntask1/attempt18/4-ace-tesnet-cars.png,https://amt-omiddavoodi.s3.us-east-2.amazonaws.com/ntask1/attempt18valid/139-deformable-prototree-imagenet.png,https://amt-omiddavoodi.s3.us-east-2.amazonaws.com/ntask1/attempt18/64-protopnet-prototree-cars.png,https://amt-omiddavoodi.s3.us-east-2.amazonaws.com/ntask1/attempt18valid/38-ace-prototree-cars.png,https://amt-omiddavoodi.s3.us-east-2.amazonaws.com/ntask1/attempt18/70-sparrow-tesnet-imagenet.png,https://amt-omiddavoodi.s3.us-east-2.amazonaws.com/ntask1/attempt18/62-tesnet-ace-cub.png,https://amt-omiddavoodi.s3.us-east-2.amazonaws.com/ntask1/attempt18/61-tesnet-protopool-cub.png,https://amt-omiddavoodi.s3.us-east-2.amazonaws.com/ntask1/attempt18/25-prototree-deformable-cub.png,Pair 2,,Pair 2,Pair 2,Pair 2,Pair 2,Pair 2,Pair 2,Pair 2,Pair 1,Pair 1,x,,Pair 2,Pair 2,Pair 2,Pair 2,Pair 2,Pair 2,Pair 2,Pair 1,Pair 1,Pair 2,Pair 2,nonequal,1
https://amt-omiddavoodi.s3.us-east-2.amazonaws.com/ntask1/attempt18valid/92-prototree-tesnet-cub.png,https://amt-omiddavoodi.s3.us-east-2.amazonaws.com/ntask1/attempt18/30-prototree-sparrow-imagenet.png,https://amt-omiddavoodi.s3.us-east-2.amazonaws.com/ntask1/attempt18valid/211-prototree-protopnet-cub.png,https://amt-omiddavoodi.s3.us-east-2.amazonaws.com/ntask1/attempt18/22-ace-protopnet-cub.png,https://amt-omiddavoodi.s3.us-east-2.amazonaws.com/ntask1/attempt18/46-prototree-ace-cub.png,https://amt-omiddavoodi.s3.us-east-2.amazonaws.com/ntask1/attempt18/52-ace-tesnet-cars.png,https://amt-omiddavoodi.s3.us-east-2.amazonaws.com/ntask1/attempt18/24-prototree-ace-cub.png,https://amt-omiddavoodi.s3.us-east-2.amazonaws.com/ntask1/attempt18/19-prototree-ace-imagenet.png,https://amt-omiddavoodi.s3.us-east-2.amazonaws.com/ntask1/attempt18/54-tesnet-protopool-cub.png,https://amt-omiddavoodi.s3.us-east-2.amazonaws.com/ntask1/attempt18/40-ace-prototree-imagenet.png,Pair 2,Pair 2,Pair 2,Pair 1,Pair 2,Pair 2,Pair 2,Pair 2,Pair 2,Pair 1,Pair 1,x,,Pair 2,Pair 1,Pair 2,Pair 2,Pair 2,Pair 2,Pair 2,Pair 1,Pair 1,Pair 2,Pair 2,nonequal,2
https://amt-omiddavoodi.s3.us-east-2.amazonaws.com/ntask1/attempt18valid/92-prototree-tesnet-cub.png,https://amt-omiddavoodi.s3.us-east-2.amazonaws.com/ntask1/attempt18/30-prototree-sparrow-imagenet.png,https://amt-omiddavoodi.s3.us-east-2.amazonaws.com/ntask1/attempt18valid/211-prototree-protopnet-cub.png,https://amt-omiddavoodi.s3.us-east-2.amazonaws.com/ntask1/attempt18/22-ace-protopnet-cub.png,https://amt-omiddavoodi.s3.us-east-2.amazonaws.com/ntask1/attempt18/46-prototree-ace-cub.png,https://amt-omiddavoodi.s3.us-east-2.amazonaws.com/ntask1/attempt18/52-ace-tesnet-cars.png,https://amt-omiddavoodi.s3.us-east-2.amazonaws.com/ntask1/attempt18/24-prototree-ace-cub.png,https://amt-omiddavoodi.s3.us-east-2.amazonaws.com/ntask1/attempt18/19-prototree-ace-imagenet.png,https://amt-omiddavoodi.s3.us-east-2.amazonaws.com/ntask1/attempt18/54-tesnet-protopool-cub.png,https://amt-omiddavoodi.s3.us-east-2.amazonaws.com/ntask1/attempt18/40-ace-prototree-imagenet.png,Pair 2,,Pair 2,Pair 2,Pair 2,Pair 2,Pair 1,Pair 1,Pair 1,Pair 2,Pair 1,x,,Pair 2,Pair 2,Pair 2,Pair 2,Pair 1,Pair 1,Pair 1,Pair 2,Pair 1,Pair 2,Pair 2,nonequal,2
https://amt-omiddavoodi.s3.us-east-2.amazonaws.com/ntask1/attempt18valid/92-prototree-tesnet-cub.png,https://amt-omiddavoodi.s3.us-east-2.amazonaws.com/ntask1/attempt18/30-prototree-sparrow-imagenet.png,https://amt-omiddavoodi.s3.us-east-2.amazonaws.com/ntask1/attempt18valid/211-prototree-protopnet-cub.png,https://amt-omiddavoodi.s3.us-east-2.amazonaws.com/ntask1/attempt18/22-ace-protopnet-cub.png,https://amt-omiddavoodi.s3.us-east-2.amazonaws.com/ntask1/attempt18/46-prototree-ace-cub.png,https://amt-omiddavoodi.s3.us-east-2.amazonaws.com/ntask1/attempt18/52-ace-tesnet-cars.png,https://amt-omiddavoodi.s3.us-east-2.amazonaws.com/ntask1/attempt18/24-prototree-ace-cub.png,https://amt-omiddavoodi.s3.us-east-2.amazonaws.com/ntask1/attempt18/19-prototree-ace-imagenet.png,https://amt-omiddavoodi.s3.us-east-2.amazonaws.com/ntask1/attempt18/54-tesnet-protopool-cub.png,https://amt-omiddavoodi.s3.us-east-2.amazonaws.com/ntask1/attempt18/40-ace-prototree-imagenet.png,Pair 2,,Pair 1,Pair 2,Pair 2,Pair 2,Pair 1,Pair 2,Pair 2,Pair 1,Pair 1,x,,Pair 2,Pair 2,Pair 2,Pair 2,Pair 1,Pair 2,Pair 2,Pair 1,Pair 1,Pair 1,Pair 1,nonequal,2
https://amt-omiddavoodi.s3.us-east-2.amazonaws.com/ntask1/attempt18/79-prototree-protopnet-cars.png,https://amt-omiddavoodi.s3.us-east-2.amazonaws.com/ntask1/attempt18/72-tesnet-protopool-imagenet.png,https://amt-omiddavoodi.s3.us-east-2.amazonaws.com/ntask1/attempt18valid/46-ace-tesnet-cub.png,https://amt-omiddavoodi.s3.us-east-2.amazonaws.com/ntask1/attempt18/41-prototree-deformable-cub.png,https://amt-omiddavoodi.s3.us-east-2.amazonaws.com/ntask1/attempt18/12-deformable-protopool-cars.png,https://amt-omiddavoodi.s3.us-east-2.amazonaws.com/ntask1/attempt18/67-prototree-ace-imagenet.png,https://amt-omiddavoodi.s3.us-east-2.amazonaws.com/ntask1/attempt18/13-ace-protopool-imagenet.png,https://amt-omiddavoodi.s3.us-east-2.amazonaws.com/ntask1/attempt18valid/111-tesnet-sparrow-cub.png,https://amt-omiddavoodi.s3.us-east-2.amazonaws.com/ntask1/attempt18/1-protopnet-tesnet-cars.png,https://amt-omiddavoodi.s3.us-east-2.amazonaws.com/ntask1/attempt18/38-protopool-sparrow-imagenet.png,Pair 1,,Pair 1,Pair 2,Pair 2,Pair 2,Pair 1,Pair 2,Pair 2,Pair 1,Pair 2,x,,Pair 1,Pair 2,Pair 2,Pair 2,Pair 1,Pair 2,Pair 2,Pair 1,Pair 2,Pair 1,Pair 1,nonequal,2
https://amt-omiddavoodi.s3.us-east-2.amazonaws.com/ntask1/attempt18/79-prototree-protopnet-cars.png,https://amt-omiddavoodi.s3.us-east-2.amazonaws.com/ntask1/attempt18/72-tesnet-protopool-imagenet.png,https://amt-omiddavoodi.s3.us-east-2.amazonaws.com/ntask1/attempt18valid/46-ace-tesnet-cub.png,https://amt-omiddavoodi.s3.us-east-2.amazonaws.com/ntask1/attempt18/41-prototree-deformable-cub.png,https://amt-omiddavoodi.s3.us-east-2.amazonaws.com/ntask1/attempt18/12-deformable-protopool-cars.png,https://amt-omiddavoodi.s3.us-east-2.amazonaws.com/ntask1/attempt18/67-prototree-ace-imagenet.png,https://amt-omiddavoodi.s3.us-east-2.amazonaws.com/ntask1/attempt18/13-ace-protopool-imagenet.png,https://amt-omiddavoodi.s3.us-east-2.amazonaws.com/ntask1/attempt18valid/111-tesnet-sparrow-cub.png,https://amt-omiddavoodi.s3.us-east-2.amazonaws.com/ntask1/attempt18/1-protopnet-tesnet-cars.png,https://amt-omiddavoodi.s3.us-east-2.amazonaws.com/ntask1/attempt18/38-protopool-sparrow-imagenet.png,Pair 1,,Pair 1,Pair 1,Pair 2,Pair 2,Pair 1,Pair 1,Pair 2,Pair 1,Pair 2,x,,Pair 1,Pair 1,Pair 2,Pair 2,Pair 1,Pair 1,Pair 2,Pair 1,Pair 2,Pair 1,Pair 1,nonequal,2
https://amt-omiddavoodi.s3.us-east-2.amazonaws.com/ntask1/attempt18/79-prototree-protopnet-cars.png,https://amt-omiddavoodi.s3.us-east-2.amazonaws.com/ntask1/attempt18/72-tesnet-protopool-imagenet.png,https://amt-omiddavoodi.s3.us-east-2.amazonaws.com/ntask1/attempt18valid/46-ace-tesnet-cub.png,https://amt-omiddavoodi.s3.us-east-2.amazonaws.com/ntask1/attempt18/41-prototree-deformable-cub.png,https://amt-omiddavoodi.s3.us-east-2.amazonaws.com/ntask1/attempt18/12-deformable-protopool-cars.png,https://amt-omiddavoodi.s3.us-east-2.amazonaws.com/ntask1/attempt18/67-prototree-ace-imagenet.png,https://amt-omiddavoodi.s3.us-east-2.amazonaws.com/ntask1/attempt18/13-ace-protopool-imagenet.png,https://amt-omiddavoodi.s3.us-east-2.amazonaws.com/ntask1/attempt18valid/111-tesnet-sparrow-cub.png,https://amt-omiddavoodi.s3.us-east-2.amazonaws.com/ntask1/attempt18/1-protopnet-tesnet-cars.png,https://amt-omiddavoodi.s3.us-east-2.amazonaws.com/ntask1/attempt18/38-protopool-sparrow-imagenet.png,Pair 1,,Pair 1,Pair 2,Pair 2,Pair 2,Pair 1,Pair 2,Pair 2,Pair 1,Pair 2,x,,Pair 1,Pair 2,Pair 2,Pair 2,Pair 1,Pair 2,Pair 2,Pair 1,Pair 2,Pair 1,Pair 1,nonequal,2
https://amt-omiddavoodi.s3.us-east-2.amazonaws.com/ntask1/attempt18/27-prototree-sparrow-cars.png,https://amt-omiddavoodi.s3.us-east-2.amazonaws.com/ntask1/attempt18/32-tesnet-protopool-imagenet.png,https://amt-omiddavoodi.s3.us-east-2.amazonaws.com/ntask1/attempt18valid/153-prototree-tesnet-cars.png,https://amt-omiddavoodi.s3.us-east-2.amazonaws.com/ntask1/attempt18/16-sparrow-ace-cub.png,https://amt-omiddavoodi.s3.us-east-2.amazonaws.com/ntask1/attempt18/44-prototree-sparrow-cub.png,https://amt-omiddavoodi.s3.us-east-2.amazonaws.com/ntask1/attempt18/0-tesnet-ace-imagenet.png,https://amt-omiddavoodi.s3.us-east-2.amazonaws.com/ntask1/attempt18/31-ace-protopool-cub.png,https://amt-omiddavoodi.s3.us-east-2.amazonaws.com/ntask1/attempt18/78-prototree-protopnet-imagenet.png,https://amt-omiddavoodi.s3.us-east-2.amazonaws.com/ntask1/attempt18/11-protopool-protopnet-cub.png,https://amt-omiddavoodi.s3.us-east-2.amazonaws.com/ntask1/attempt18valid/111-tesnet-sparrow-cub.png,Pair 1,,Pair 1,Pair 1,Pair 2,Pair 1,Pair 2,Pair 1,Pair 2,Pair 2,Pair 2,x,,Pair 1,Pair 1,Pair 2,Pair 1,Pair 2,Pair 1,Pair 2,Pair 2,Pair 2,Pair 1,Pair 1,nonequal,2
https://amt-omiddavoodi.s3.us-east-2.amazonaws.com/ntask1/attempt18/27-prototree-sparrow-cars.png,https://amt-omiddavoodi.s3.us-east-2.amazonaws.com/ntask1/attempt18/32-tesnet-protopool-imagenet.png,https://amt-omiddavoodi.s3.us-east-2.amazonaws.com/ntask1/attempt18valid/153-prototree-tesnet-cars.png,https://amt-omiddavoodi.s3.us-east-2.amazonaws.com/ntask1/attempt18/16-sparrow-ace-cub.png,https://amt-omiddavoodi.s3.us-east-2.amazonaws.com/ntask1/attempt18/44-prototree-sparrow-cub.png,https://amt-omiddavoodi.s3.us-east-2.amazonaws.com/ntask1/attempt18/0-tesnet-ace-imagenet.png,https://amt-omiddavoodi.s3.us-east-2.amazonaws.com/ntask1/attempt18/31-ace-protopool-cub.png,https://amt-omiddavoodi.s3.us-east-2.amazonaws.com/ntask1/attempt18/78-prototree-protopnet-imagenet.png,https://amt-omiddavoodi.s3.us-east-2.amazonaws.com/ntask1/attempt18/11-protopool-protopnet-cub.png,https://amt-omiddavoodi.s3.us-east-2.amazonaws.com/ntask1/attempt18valid/111-tesnet-sparrow-cub.png,Pair 1,Pair 1,Pair 1,Pair 2,Pair 2,Pair 1,Pair 2,Pair 1,Pair 1,Pair 2,Pair 2,x,,Pair 1,Pair 2,Pair 2,Pair 1,Pair 2,Pair 1,Pair 1,Pair 2,Pair 2,Pair 1,Pair 1,nonequal,2
https://amt-omiddavoodi.s3.us-east-2.amazonaws.com/ntask1/attempt18/27-prototree-sparrow-cars.png,https://amt-omiddavoodi.s3.us-east-2.amazonaws.com/ntask1/attempt18/32-tesnet-protopool-imagenet.png,https://amt-omiddavoodi.s3.us-east-2.amazonaws.com/ntask1/attempt18valid/153-prototree-tesnet-cars.png,https://amt-omiddavoodi.s3.us-east-2.amazonaws.com/ntask1/attempt18/16-sparrow-ace-cub.png,https://amt-omiddavoodi.s3.us-east-2.amazonaws.com/ntask1/attempt18/44-prototree-sparrow-cub.png,https://amt-omiddavoodi.s3.us-east-2.amazonaws.com/ntask1/attempt18/0-tesnet-ace-imagenet.png,https://amt-omiddavoodi.s3.us-east-2.amazonaws.com/ntask1/attempt18/31-ace-protopool-cub.png,https://amt-omiddavoodi.s3.us-east-2.amazonaws.com/ntask1/attempt18/78-prototree-protopnet-imagenet.png,https://amt-omiddavoodi.s3.us-east-2.amazonaws.com/ntask1/attempt18/11-protopool-protopnet-cub.png,https://amt-omiddavoodi.s3.us-east-2.amazonaws.com/ntask1/attempt18valid/111-tesnet-sparrow-cub.png,Pair 2,,Pair 1,Pair 1,Pair 2,Pair 1,Pair 2,Pair 1,Pair 2,Pair 2,Pair 2,x,,Pair 2,Pair 1,Pair 2,Pair 1,Pair 2,Pair 1,Pair 2,Pair 2,Pair 2,Pair 1,Pair 1,nonequal,2
https://amt-omiddavoodi.s3.us-east-2.amazonaws.com/ntask1/attempt18/39-prototree-protopnet-imagenet.png,https://amt-omiddavoodi.s3.us-east-2.amazonaws.com/ntask1/attempt18/14-protopnet-prototree-cars.png,https://amt-omiddavoodi.s3.us-east-2.amazonaws.com/ntask1/attempt18/69-tesnet-prototree-cars.png,https://amt-omiddavoodi.s3.us-east-2.amazonaws.com/ntask1/attempt18/71-protopool-protopnet-cars.png,https://amt-omiddavoodi.s3.us-east-2.amazonaws.com/ntask1/attempt18/20-deformable-sparrow-imagenet.png,https://amt-omiddavoodi.s3.us-east-2.amazonaws.com/ntask1/attempt18/59-protopool-tesnet-cars.png,https://amt-omiddavoodi.s3.us-east-2.amazonaws.com/ntask1/attempt18/76-tesnet-deformable-cub.png,https://amt-omiddavoodi.s3.us-east-2.amazonaws.com/ntask1/attempt18valid/156-tesnet-prototree-cub.png,https://amt-omiddavoodi.s3.us-east-2.amazonaws.com/ntask1/attempt18valid/31-ace-tesnet-cars.png,https://amt-omiddavoodi.s3.us-east-2.amazonaws.com/ntask1/attempt18/23-tesnet-protopnet-cars.png,Pair 1,,Pair 2,Pair 1,Pair 1,Pair 1,Pair 2,Pair 2,Pair 2,Pair 1,Pair 2,x,,Pair 1,Pair 1,Pair 1,Pair 1,Pair 2,Pair 2,Pair 2,Pair 1,Pair 2,Pair 2,Pair 2,nonequal,2
https://amt-omiddavoodi.s3.us-east-2.amazonaws.com/ntask1/attempt18/39-prototree-protopnet-imagenet.png,https://amt-omiddavoodi.s3.us-east-2.amazonaws.com/ntask1/attempt18/14-protopnet-prototree-cars.png,https://amt-omiddavoodi.s3.us-east-2.amazonaws.com/ntask1/attempt18/69-tesnet-prototree-cars.png,https://amt-omiddavoodi.s3.us-east-2.amazonaws.com/ntask1/attempt18/71-protopool-protopnet-cars.png,https://amt-omiddavoodi.s3.us-east-2.amazonaws.com/ntask1/attempt18/20-deformable-sparrow-imagenet.png,https://amt-omiddavoodi.s3.us-east-2.amazonaws.com/ntask1/attempt18/59-protopool-tesnet-cars.png,https://amt-omiddavoodi.s3.us-east-2.amazonaws.com/ntask1/attempt18/76-tesnet-deformable-cub.png,https://amt-omiddavoodi.s3.us-east-2.amazonaws.com/ntask1/attempt18valid/156-tesnet-prototree-cub.png,https://amt-omiddavoodi.s3.us-east-2.amazonaws.com/ntask1/attempt18valid/31-ace-tesnet-cars.png,https://amt-omiddavoodi.s3.us-east-2.amazonaws.com/ntask1/attempt18/23-tesnet-protopnet-cars.png,Pair 2,,Pair 1,Pair 2,Pair 2,Pair 2,Pair 2,Pair 2,Pair 1,Pair 1,Pair 2,x,,Pair 2,Pair 2,Pair 2,Pair 2,Pair 2,Pair 2,Pair 1,Pair 1,Pair 2,Pair 1,Pair 1,nonequal,2
https://amt-omiddavoodi.s3.us-east-2.amazonaws.com/ntask1/attempt18/39-prototree-protopnet-imagenet.png,https://amt-omiddavoodi.s3.us-east-2.amazonaws.com/ntask1/attempt18/14-protopnet-prototree-cars.png,https://amt-omiddavoodi.s3.us-east-2.amazonaws.com/ntask1/attempt18/69-tesnet-prototree-cars.png,https://amt-omiddavoodi.s3.us-east-2.amazonaws.com/ntask1/attempt18/71-protopool-protopnet-cars.png,https://amt-omiddavoodi.s3.us-east-2.amazonaws.com/ntask1/attempt18/20-deformable-sparrow-imagenet.png,https://amt-omiddavoodi.s3.us-east-2.amazonaws.com/ntask1/attempt18/59-protopool-tesnet-cars.png,https://amt-omiddavoodi.s3.us-east-2.amazonaws.com/ntask1/attempt18/76-tesnet-deformable-cub.png,https://amt-omiddavoodi.s3.us-east-2.amazonaws.com/ntask1/attempt18valid/156-tesnet-prototree-cub.png,https://amt-omiddavoodi.s3.us-east-2.amazonaws.com/ntask1/attempt18valid/31-ace-tesnet-cars.png,https://amt-omiddavoodi.s3.us-east-2.amazonaws.com/ntask1/attempt18/23-tesnet-protopnet-cars.png,Pair 2,,Pair 2,Pair 1,Pair 1,Pair 1,Pair 2,Pair 2,Pair 2,Pair 1,Pair 2,x,,Pair 2,Pair 1,Pair 1,Pair 1,Pair 2,Pair 2,Pair 2,Pair 1,Pair 2,Pair 2,Pair 2,nonequal,2
https://amt-omiddavoodi.s3.us-east-2.amazonaws.com/ntask1/attempt18/36-sparrow-protopnet-cars.png,https://amt-omiddavoodi.s3.us-east-2.amazonaws.com/ntask1/attempt18/75-protopnet-tesnet-imagenet.png,https://amt-omiddavoodi.s3.us-east-2.amazonaws.com/ntask1/attempt18/56-sparrow-ace-imagenet.png,https://amt-omiddavoodi.s3.us-east-2.amazonaws.com/ntask1/attempt18/65-ace-prototree-cars.png,https://amt-omiddavoodi.s3.us-east-2.amazonaws.com/ntask1/attempt18/47-ace-protopnet-cars.png,https://amt-omiddavoodi.s3.us-east-2.amazonaws.com/ntask1/attempt18/5-protopnet-prototree-imagenet.png,https://amt-omiddavoodi.s3.us-east-2.amazonaws.com/ntask1/attempt18/53-sparrow-prototree-imagenet.png,https://amt-omiddavoodi.s3.us-east-2.amazonaws.com/ntask1/attempt18valid/156-tesnet-prototree-cub.png,https://amt-omiddavoodi.s3.us-east-2.amazonaws.com/ntask1/attempt18valid/32-prototree-tesnet-cars.png,https://amt-omiddavoodi.s3.us-east-2.amazonaws.com/ntask1/attempt18/29-ace-prototree-cars.png,Pair 2,,Pair 2,Pair 1,Pair 2,Pair 2,Pair 2,Pair 1,Pair 2,Pair 1,Pair 1,x,,Pair 2,Pair 1,Pair 2,Pair 2,Pair 2,Pair 1,Pair 2,Pair 1,Pair 1,Pair 2,Pair 2,nonequal,1
https://amt-omiddavoodi.s3.us-east-2.amazonaws.com/ntask1/attempt18/36-sparrow-protopnet-cars.png,https://amt-omiddavoodi.s3.us-east-2.amazonaws.com/ntask1/attempt18/75-protopnet-tesnet-imagenet.png,https://amt-omiddavoodi.s3.us-east-2.amazonaws.com/ntask1/attempt18/56-sparrow-ace-imagenet.png,https://amt-omiddavoodi.s3.us-east-2.amazonaws.com/ntask1/attempt18/65-ace-prototree-cars.png,https://amt-omiddavoodi.s3.us-east-2.amazonaws.com/ntask1/attempt18/47-ace-protopnet-cars.png,https://amt-omiddavoodi.s3.us-east-2.amazonaws.com/ntask1/attempt18/5-protopnet-prototree-imagenet.png,https://amt-omiddavoodi.s3.us-east-2.amazonaws.com/ntask1/attempt18/53-sparrow-prototree-imagenet.png,https://amt-omiddavoodi.s3.us-east-2.amazonaws.com/ntask1/attempt18valid/156-tesnet-prototree-cub.png,https://amt-omiddavoodi.s3.us-east-2.amazonaws.com/ntask1/attempt18valid/32-prototree-tesnet-cars.png,https://amt-omiddavoodi.s3.us-east-2.amazonaws.com/ntask1/attempt18/29-ace-prototree-cars.png,Pair 1,,Pair 2,Pair 2,Pair 2,Pair 2,Pair 2,Pair 2,Pair 2,Pair 1,Pair 2,x,,Pair 1,Pair 2,Pair 2,Pair 2,Pair 2,Pair 2,Pair 2,Pair 1,Pair 2,Pair 2,Pair 2,nonequal,2
https://amt-omiddavoodi.s3.us-east-2.amazonaws.com/ntask1/attempt18/36-sparrow-protopnet-cars.png,https://amt-omiddavoodi.s3.us-east-2.amazonaws.com/ntask1/attempt18/75-protopnet-tesnet-imagenet.png,https://amt-omiddavoodi.s3.us-east-2.amazonaws.com/ntask1/attempt18/56-sparrow-ace-imagenet.png,https://amt-omiddavoodi.s3.us-east-2.amazonaws.com/ntask1/attempt18/65-ace-prototree-cars.png,https://amt-omiddavoodi.s3.us-east-2.amazonaws.com/ntask1/attempt18/47-ace-protopnet-cars.png,https://amt-omiddavoodi.s3.us-east-2.amazonaws.com/ntask1/attempt18/5-protopnet-prototree-imagenet.png,https://amt-omiddavoodi.s3.us-east-2.amazonaws.com/ntask1/attempt18/53-sparrow-prototree-imagenet.png,https://amt-omiddavoodi.s3.us-east-2.amazonaws.com/ntask1/attempt18valid/156-tesnet-prototree-cub.png,https://amt-omiddavoodi.s3.us-east-2.amazonaws.com/ntask1/attempt18valid/32-prototree-tesnet-cars.png,https://amt-omiddavoodi.s3.us-east-2.amazonaws.com/ntask1/attempt18/29-ace-prototree-cars.png,Pair 2,,Pair 1,Pair 2,Pair 2,Pair 2,Pair 2,Pair 1,Pair 2,Pair 1,Pair 2,x,,Pair 2,Pair 2,Pair 2,Pair 2,Pair 2,Pair 1,Pair 2,Pair 1,Pair 2,Pair 1,Pair 1,nonequal,2
https://amt-omiddavoodi.s3.us-east-2.amazonaws.com/ntask1/attempt18/68-deformable-sparrow-cub.png,https://amt-omiddavoodi.s3.us-east-2.amazonaws.com/ntask1/attempt18/74-protopool-deformable-cub.png,https://amt-omiddavoodi.s3.us-east-2.amazonaws.com/ntask1/attempt18/50-ace-sparrow-cars.png,https://amt-omiddavoodi.s3.us-east-2.amazonaws.com/ntask1/attempt18/55-deformable-prototree-imagenet.png,https://amt-omiddavoodi.s3.us-east-2.amazonaws.com/ntask1/attempt18valid/298-tesnet-sparrow-cub.png,https://amt-omiddavoodi.s3.us-east-2.amazonaws.com/ntask1/attempt18/63-prototree-protopnet-imagenet.png,https://amt-omiddavoodi.s3.us-east-2.amazonaws.com/ntask1/attempt18/60-prototree-deformable-cars.png,https://amt-omiddavoodi.s3.us-east-2.amazonaws.com/ntask1/attempt18/15-sparrow-prototree-cars.png,https://amt-omiddavoodi.s3.us-east-2.amazonaws.com/ntask1/attempt18valid/111-tesnet-sparrow-cub.png,https://amt-omiddavoodi.s3.us-east-2.amazonaws.com/ntask1/attempt18/33-protopnet-tesnet-imagenet.png,Pair 1,,Pair 2,Pair 2,Pair 2,Pair 2,Pair 1,Pair 2,Pair 1,Pair 2,Pair 1,x,,Pair 1,Pair 2,Pair 2,Pair 2,Pair 1,Pair 2,Pair 1,Pair 2,Pair 1,Pair 2,Pair 2,nonequal,2
https://amt-omiddavoodi.s3.us-east-2.amazonaws.com/ntask1/attempt18/68-deformable-sparrow-cub.png,https://amt-omiddavoodi.s3.us-east-2.amazonaws.com/ntask1/attempt18/74-protopool-deformable-cub.png,https://amt-omiddavoodi.s3.us-east-2.amazonaws.com/ntask1/attempt18/50-ace-sparrow-cars.png,https://amt-omiddavoodi.s3.us-east-2.amazonaws.com/ntask1/attempt18/55-deformable-prototree-imagenet.png,https://amt-omiddavoodi.s3.us-east-2.amazonaws.com/ntask1/attempt18valid/298-tesnet-sparrow-cub.png,https://amt-omiddavoodi.s3.us-east-2.amazonaws.com/ntask1/attempt18/63-prototree-protopnet-imagenet.png,https://amt-omiddavoodi.s3.us-east-2.amazonaws.com/ntask1/attempt18/60-prototree-deformable-cars.png,https://amt-omiddavoodi.s3.us-east-2.amazonaws.com/ntask1/attempt18/15-sparrow-prototree-cars.png,https://amt-omiddavoodi.s3.us-east-2.amazonaws.com/ntask1/attempt18valid/111-tesnet-sparrow-cub.png,https://amt-omiddavoodi.s3.us-east-2.amazonaws.com/ntask1/attempt18/33-protopnet-tesnet-imagenet.png,Pair 1,,Pair 2,Pair 2,Pair 2,Pair 2,Pair 1,Pair 1,Pair 1,Pair 2,Pair 1,x,,Pair 1,Pair 2,Pair 2,Pair 2,Pair 1,Pair 1,Pair 1,Pair 2,Pair 1,Pair 2,Pair 2,nonequal,2
https://amt-omiddavoodi.s3.us-east-2.amazonaws.com/ntask1/attempt18/68-deformable-sparrow-cub.png,https://amt-omiddavoodi.s3.us-east-2.amazonaws.com/ntask1/attempt18/74-protopool-deformable-cub.png,https://amt-omiddavoodi.s3.us-east-2.amazonaws.com/ntask1/attempt18/50-ace-sparrow-cars.png,https://amt-omiddavoodi.s3.us-east-2.amazonaws.com/ntask1/attempt18/55-deformable-prototree-imagenet.png,https://amt-omiddavoodi.s3.us-east-2.amazonaws.com/ntask1/attempt18valid/298-tesnet-sparrow-cub.png,https://amt-omiddavoodi.s3.us-east-2.amazonaws.com/ntask1/attempt18/63-prototree-protopnet-imagenet.png,https://amt-omiddavoodi.s3.us-east-2.amazonaws.com/ntask1/attempt18/60-prototree-deformable-cars.png,https://amt-omiddavoodi.s3.us-east-2.amazonaws.com/ntask1/attempt18/15-sparrow-prototree-cars.png,https://amt-omiddavoodi.s3.us-east-2.amazonaws.com/ntask1/attempt18valid/111-tesnet-sparrow-cub.png,https://amt-omiddavoodi.s3.us-east-2.amazonaws.com/ntask1/attempt18/33-protopnet-tesnet-imagenet.png,Pair 1,,Pair 2,Pair 2,Pair 2,Pair 2,Pair 1,Pair 2,Pair 1,Pair 2,Pair 1,x,,Pair 1,Pair 2,Pair 2,Pair 2,Pair 1,Pair 2,Pair 1,Pair 2,Pair 1,Pair 2,Pair 2,nonequal,2
https://amt-omiddavoodi.s3.us-east-2.amazonaws.com/ntask1/attempt18valid/139-deformable-prototree-imagenet.png,https://amt-omiddavoodi.s3.us-east-2.amazonaws.com/ntask1/attempt18/58-prototree-ace-cub.png,https://amt-omiddavoodi.s3.us-east-2.amazonaws.com/ntask1/attempt18/26-tesnet-deformable-cars.png,https://amt-omiddavoodi.s3.us-east-2.amazonaws.com/ntask1/attempt18/21-tesnet-ace-cub.png,https://amt-omiddavoodi.s3.us-east-2.amazonaws.com/ntask1/attempt18valid/291-prototree-tesnet-cub.png,https://amt-omiddavoodi.s3.us-east-2.amazonaws.com/ntask1/attempt18/34-sparrow-deformable-cars.png,https://amt-omiddavoodi.s3.us-east-2.amazonaws.com/ntask1/attempt18/3-ace-tesnet-imagenet.png,https://amt-omiddavoodi.s3.us-east-2.amazonaws.com/ntask1/attempt18/8-sparrow-prototree-cub.png,https://amt-omiddavoodi.s3.us-east-2.amazonaws.com/ntask1/attempt18/28-ace-deformable-cub.png,https://amt-omiddavoodi.s3.us-east-2.amazonaws.com/ntask1/attempt18/35-prototree-protopnet-cub.png,Pair 2,,Pair 2,Pair 2,Pair 1,Pair 1,Pair 2,Pair 2,Pair 1,Pair 1,Pair 2,x,,Pair 2,Pair 2,Pair 1,Pair 1,Pair 2,Pair 2,Pair 1,Pair 1,Pair 2,Pair 2,Pair 2,nonequal,2
https://amt-omiddavoodi.s3.us-east-2.amazonaws.com/ntask1/attempt18valid/139-deformable-prototree-imagenet.png,https://amt-omiddavoodi.s3.us-east-2.amazonaws.com/ntask1/attempt18/58-prototree-ace-cub.png,https://amt-omiddavoodi.s3.us-east-2.amazonaws.com/ntask1/attempt18/26-tesnet-deformable-cars.png,https://amt-omiddavoodi.s3.us-east-2.amazonaws.com/ntask1/attempt18/21-tesnet-ace-cub.png,https://amt-omiddavoodi.s3.us-east-2.amazonaws.com/ntask1/attempt18valid/291-prototree-tesnet-cub.png,https://amt-omiddavoodi.s3.us-east-2.amazonaws.com/ntask1/attempt18/34-sparrow-deformable-cars.png,https://amt-omiddavoodi.s3.us-east-2.amazonaws.com/ntask1/attempt18/3-ace-tesnet-imagenet.png,https://amt-omiddavoodi.s3.us-east-2.amazonaws.com/ntask1/attempt18/8-sparrow-prototree-cub.png,https://amt-omiddavoodi.s3.us-east-2.amazonaws.com/ntask1/attempt18/28-ace-deformable-cub.png,https://amt-omiddavoodi.s3.us-east-2.amazonaws.com/ntask1/attempt18/35-prototree-protopnet-cub.png,Pair 2,,Pair 2,Pair 1,Pair 1,Pair 1,Pair 2,Pair 1,Pair 1,Pair 1,Pair 1,x,,Pair 2,Pair 1,Pair 1,Pair 1,Pair 2,Pair 1,Pair 1,Pair 1,Pair 1,Pair 2,Pair 2,nonequal,2
https://amt-omiddavoodi.s3.us-east-2.amazonaws.com/ntask1/attempt18valid/139-deformable-prototree-imagenet.png,https://amt-omiddavoodi.s3.us-east-2.amazonaws.com/ntask1/attempt18/58-prototree-ace-cub.png,https://amt-omiddavoodi.s3.us-east-2.amazonaws.com/ntask1/attempt18/26-tesnet-deformable-cars.png,https://amt-omiddavoodi.s3.us-east-2.amazonaws.com/ntask1/attempt18/21-tesnet-ace-cub.png,https://amt-omiddavoodi.s3.us-east-2.amazonaws.com/ntask1/attempt18valid/291-prototree-tesnet-cub.png,https://amt-omiddavoodi.s3.us-east-2.amazonaws.com/ntask1/attempt18/34-sparrow-deformable-cars.png,https://amt-omiddavoodi.s3.us-east-2.amazonaws.com/ntask1/attempt18/3-ace-tesnet-imagenet.png,https://amt-omiddavoodi.s3.us-east-2.amazonaws.com/ntask1/attempt18/8-sparrow-prototree-cub.png,https://amt-omiddavoodi.s3.us-east-2.amazonaws.com/ntask1/attempt18/28-ace-deformable-cub.png,https://amt-omiddavoodi.s3.us-east-2.amazonaws.com/ntask1/attempt18/35-prototree-protopnet-cub.png,Pair 2,,Pair 1,Pair 1,Pair 2,Pair 1,Pair 2,Pair 1,Pair 1,Pair 2,Pair 2,x,,Pair 2,Pair 1,Pair 2,Pair 1,Pair 2,Pair 1,Pair 1,Pair 2,Pair 2,Pair 1,Pair 1,nonequal,2
https://amt-omiddavoodi.s3.us-east-2.amazonaws.com/ntask1/attempt18valid/184-tesnet-prototree-cars.png,https://amt-omiddavoodi.s3.us-east-2.amazonaws.com/ntask1/attempt18/66-tesnet-ace-cub.png,https://amt-omiddavoodi.s3.us-east-2.amazonaws.com/ntask1/attempt18/51-sparrow-prototree-cub.png,https://amt-omiddavoodi.s3.us-east-2.amazonaws.com/ntask1/attempt18/10-sparrow-protopnet-imagenet.png,https://amt-omiddavoodi.s3.us-east-2.amazonaws.com/ntask1/attempt18/37-protopnet-ace-cub.png,https://amt-omiddavoodi.s3.us-east-2.amazonaws.com/ntask1/attempt18/49-sparrow-deformable-cars.png,https://amt-omiddavoodi.s3.us-east-2.amazonaws.com/ntask1/attempt18/17-deformable-sparrow-imagenet.png,https://amt-omiddavoodi.s3.us-east-2.amazonaws.com/ntask1/attempt18/18-sparrow-protopool-cub.png,https://amt-omiddavoodi.s3.us-east-2.amazonaws.com/ntask1/attempt18/57-deformable-protopnet-cars.png,https://amt-omiddavoodi.s3.us-east-2.amazonaws.com/ntask1/attempt18valid/291-prototree-tesnet-cub.png,Pair 1,,Pair 2,Pair 1,Pair 2,Pair 2,Pair 1,Pair 1,Pair 2,Pair 1,Pair 1,x,,Pair 1,Pair 1,Pair 2,Pair 2,Pair 1,Pair 1,Pair 2,Pair 1,Pair 1,Pair 2,Pair 2,nonequal,2
https://amt-omiddavoodi.s3.us-east-2.amazonaws.com/ntask1/attempt18valid/184-tesnet-prototree-cars.png,https://amt-omiddavoodi.s3.us-east-2.amazonaws.com/ntask1/attempt18/66-tesnet-ace-cub.png,https://amt-omiddavoodi.s3.us-east-2.amazonaws.com/ntask1/attempt18/51-sparrow-prototree-cub.png,https://amt-omiddavoodi.s3.us-east-2.amazonaws.com/ntask1/attempt18/10-sparrow-protopnet-imagenet.png,https://amt-omiddavoodi.s3.us-east-2.amazonaws.com/ntask1/attempt18/37-protopnet-ace-cub.png,https://amt-omiddavoodi.s3.us-east-2.amazonaws.com/ntask1/attempt18/49-sparrow-deformable-cars.png,https://amt-omiddavoodi.s3.us-east-2.amazonaws.com/ntask1/attempt18/17-deformable-sparrow-imagenet.png,https://amt-omiddavoodi.s3.us-east-2.amazonaws.com/ntask1/attempt18/18-sparrow-protopool-cub.png,https://amt-omiddavoodi.s3.us-east-2.amazonaws.com/ntask1/attempt18/57-deformable-protopnet-cars.png,https://amt-omiddavoodi.s3.us-east-2.amazonaws.com/ntask1/attempt18valid/291-prototree-tesnet-cub.png,Pair 2,,Pair 2,Pair 1,Pair 1,Pair 2,Pair 1,Pair 1,Pair 2,Pair 1,Pair 1,x,,Pair 2,Pair 1,Pair 1,Pair 2,Pair 1,Pair 1,Pair 2,Pair 1,Pair 1,Pair 2,Pair 2,nonequal,1
https://amt-omiddavoodi.s3.us-east-2.amazonaws.com/ntask1/attempt18valid/184-tesnet-prototree-cars.png,https://amt-omiddavoodi.s3.us-east-2.amazonaws.com/ntask1/attempt18/66-tesnet-ace-cub.png,https://amt-omiddavoodi.s3.us-east-2.amazonaws.com/ntask1/attempt18/51-sparrow-prototree-cub.png,https://amt-omiddavoodi.s3.us-east-2.amazonaws.com/ntask1/attempt18/10-sparrow-protopnet-imagenet.png,https://amt-omiddavoodi.s3.us-east-2.amazonaws.com/ntask1/attempt18/37-protopnet-ace-cub.png,https://amt-omiddavoodi.s3.us-east-2.amazonaws.com/ntask1/attempt18/49-sparrow-deformable-cars.png,https://amt-omiddavoodi.s3.us-east-2.amazonaws.com/ntask1/attempt18/17-deformable-sparrow-imagenet.png,https://amt-omiddavoodi.s3.us-east-2.amazonaws.com/ntask1/attempt18/18-sparrow-protopool-cub.png,https://amt-omiddavoodi.s3.us-east-2.amazonaws.com/ntask1/attempt18/57-deformable-protopnet-cars.png,https://amt-omiddavoodi.s3.us-east-2.amazonaws.com/ntask1/attempt18valid/291-prototree-tesnet-cub.png,Pair 1,,Pair 2,Pair 1,Pair 2,Pair 2,Pair 1,Pair 1,Pair 2,Pair 1,Pair 1,x,,Pair 1,Pair 1,Pair 2,Pair 2,Pair 1,Pair 1,Pair 2,Pair 1,Pair 1,Pair 2,Pair 2,nonequal,2
https://amt-omiddavoodi.s3.us-east-2.amazonaws.com/ntask1/attempt18/77-sparrow-protopnet-cars.png,https://amt-omiddavoodi.s3.us-east-2.amazonaws.com/ntask1/attempt18valid/277-deformable-protopnet-imagenet.png,https://amt-omiddavoodi.s3.us-east-2.amazonaws.com/ntask1/attempt18/9-tesnet-protopnet-cub.png,https://amt-omiddavoodi.s3.us-east-2.amazonaws.com/ntask1/attempt18/6-deformable-ace-imagenet.png,https://amt-omiddavoodi.s3.us-east-2.amazonaws.com/ntask1/attempt18/43-protopool-ace-cub.png,https://amt-omiddavoodi.s3.us-east-2.amazonaws.com/ntask1/attempt18/7-ace-protopnet-imagenet.png,https://amt-omiddavoodi.s3.us-east-2.amazonaws.com/ntask1/attempt18/45-prototree-ace-cub.png,https://amt-omiddavoodi.s3.us-east-2.amazonaws.com/ntask1/attempt18valid/46-ace-tesnet-cub.png,https://amt-omiddavoodi.s3.us-east-2.amazonaws.com/ntask1/attempt18/48-ace-protopool-imagenet.png,https://amt-omiddavoodi.s3.us-east-2.amazonaws.com/ntask1/attempt18/73-protopnet-deformable-cub.png,Pair 2,,Pair 1,Pair 2,Pair 2,Pair 1,Pair 1,Pair 2,Pair 1,Pair 2,Pair 1,x,,Pair 2,Pair 2,Pair 2,Pair 1,Pair 1,Pair 2,Pair 1,Pair 2,Pair 1,Pair 1,Pair 1,nonequal,2
https://amt-omiddavoodi.s3.us-east-2.amazonaws.com/ntask1/attempt18/77-sparrow-protopnet-cars.png,https://amt-omiddavoodi.s3.us-east-2.amazonaws.com/ntask1/attempt18valid/277-deformable-protopnet-imagenet.png,https://amt-omiddavoodi.s3.us-east-2.amazonaws.com/ntask1/attempt18/9-tesnet-protopnet-cub.png,https://amt-omiddavoodi.s3.us-east-2.amazonaws.com/ntask1/attempt18/6-deformable-ace-imagenet.png,https://amt-omiddavoodi.s3.us-east-2.amazonaws.com/ntask1/attempt18/43-protopool-ace-cub.png,https://amt-omiddavoodi.s3.us-east-2.amazonaws.com/ntask1/attempt18/7-ace-protopnet-imagenet.png,https://amt-omiddavoodi.s3.us-east-2.amazonaws.com/ntask1/attempt18/45-prototree-ace-cub.png,https://amt-omiddavoodi.s3.us-east-2.amazonaws.com/ntask1/attempt18valid/46-ace-tesnet-cub.png,https://amt-omiddavoodi.s3.us-east-2.amazonaws.com/ntask1/attempt18/48-ace-protopool-imagenet.png,https://amt-omiddavoodi.s3.us-east-2.amazonaws.com/ntask1/attempt18/73-protopnet-deformable-cub.png,Pair 2,,Pair 2,Pair 2,Pair 2,Pair 2,Pair 1,Pair 2,Pair 1,Pair 2,Pair 2,x,,Pair 2,Pair 2,Pair 2,Pair 2,Pair 1,Pair 2,Pair 1,Pair 2,Pair 2,Pair 2,Pair 2,nonequal,2
https://amt-omiddavoodi.s3.us-east-2.amazonaws.com/ntask1/attempt18/77-sparrow-protopnet-cars.png,https://amt-omiddavoodi.s3.us-east-2.amazonaws.com/ntask1/attempt18valid/277-deformable-protopnet-imagenet.png,https://amt-omiddavoodi.s3.us-east-2.amazonaws.com/ntask1/attempt18/9-tesnet-protopnet-cub.png,https://amt-omiddavoodi.s3.us-east-2.amazonaws.com/ntask1/attempt18/6-deformable-ace-imagenet.png,https://amt-omiddavoodi.s3.us-east-2.amazonaws.com/ntask1/attempt18/43-protopool-ace-cub.png,https://amt-omiddavoodi.s3.us-east-2.amazonaws.com/ntask1/attempt18/7-ace-protopnet-imagenet.png,https://amt-omiddavoodi.s3.us-east-2.amazonaws.com/ntask1/attempt18/45-prototree-ace-cub.png,https://amt-omiddavoodi.s3.us-east-2.amazonaws.com/ntask1/attempt18valid/46-ace-tesnet-cub.png,https://amt-omiddavoodi.s3.us-east-2.amazonaws.com/ntask1/attempt18/48-ace-protopool-imagenet.png,https://amt-omiddavoodi.s3.us-east-2.amazonaws.com/ntask1/attempt18/73-protopnet-deformable-cub.png,Pair 2,,Pair 1,Pair 2,Pair 1,Pair 2,Pair 1,Pair 2,Pair 1,Pair 2,Pair 1,x,,Pair 2,Pair 2,Pair 1,Pair 2,Pair 1,Pair 2,Pair 1,Pair 2,Pair 1,Pair 1,Pair 1,nonequal,2
