Input.image_url1,Input.image_url2,Input.image_url3,Input.image_url4,Input.image_url5,Input.image_url6,Input.image_url7,Input.image_url8,Input.image_url9,Input.image_url10,Answer.category1,Answer.category10.label,Answer.category2,Answer.category3,Answer.category4,Answer.category5,Answer.category6,Answer.category7,Answer.category8,Answer.category9,Answer.category9.label,Approve,Reject,answer1,answer2,answer3,answer4,answer5,answer6,answer7,answer8,answer9,Answer.category10,answer10,test1,validcorrect
https://amt-omiddavoodi.s3.us-east-2.amazonaws.com/ntask1/attempt19/6-deformable-prototree-imagenet.png,https://amt-omiddavoodi.s3.us-east-2.amazonaws.com/ntask1/attempt19/57-ace-tesnet-cub.png,https://amt-omiddavoodi.s3.us-east-2.amazonaws.com/ntask1/attempt19/2-protopnet-tesnet-cub.png,https://amt-omiddavoodi.s3.us-east-2.amazonaws.com/ntask1/attempt19/52-deformable-prototree-cub.png,https://amt-omiddavoodi.s3.us-east-2.amazonaws.com/ntask1/attempt16valid/37-ace-protopnet-cars.png,https://amt-omiddavoodi.s3.us-east-2.amazonaws.com/ntask1/attempt19/76-protopnet-tesnet-cars.png,https://amt-omiddavoodi.s3.us-east-2.amazonaws.com/ntask1/attempt19/68-prototree-protopnet-cub.png,https://amt-omiddavoodi.s3.us-east-2.amazonaws.com/ntask1/attempt19/17-prototree-ace-imagenet.png,https://amt-omiddavoodi.s3.us-east-2.amazonaws.com/ntask1/attempt19/18-prototree-sparrow-cars.png,https://amt-omiddavoodi.s3.us-east-2.amazonaws.com/ntask1/attempt16valid/59-prototree-sparrow-imagenet.png,Both,Left,Right,Both,Both,None,Both,Both,Left,Both,,x,,Both,Right,Both,Both,None,Both,Both,Left,Both,Left,Left,nonequal,2
https://amt-omiddavoodi.s3.us-east-2.amazonaws.com/ntask1/attempt19/6-deformable-prototree-imagenet.png,https://amt-omiddavoodi.s3.us-east-2.amazonaws.com/ntask1/attempt19/57-ace-tesnet-cub.png,https://amt-omiddavoodi.s3.us-east-2.amazonaws.com/ntask1/attempt19/2-protopnet-tesnet-cub.png,https://amt-omiddavoodi.s3.us-east-2.amazonaws.com/ntask1/attempt19/52-deformable-prototree-cub.png,https://amt-omiddavoodi.s3.us-east-2.amazonaws.com/ntask1/attempt16valid/37-ace-protopnet-cars.png,https://amt-omiddavoodi.s3.us-east-2.amazonaws.com/ntask1/attempt19/76-protopnet-tesnet-cars.png,https://amt-omiddavoodi.s3.us-east-2.amazonaws.com/ntask1/attempt19/68-prototree-protopnet-cub.png,https://amt-omiddavoodi.s3.us-east-2.amazonaws.com/ntask1/attempt19/17-prototree-ace-imagenet.png,https://amt-omiddavoodi.s3.us-east-2.amazonaws.com/ntask1/attempt19/18-prototree-sparrow-cars.png,https://amt-omiddavoodi.s3.us-east-2.amazonaws.com/ntask1/attempt16valid/59-prototree-sparrow-imagenet.png,Both,Left,Right,Left,Both,None,Both,Right,Left,Both,,x,,Both,Right,Left,Both,None,Both,Right,Left,Both,Left,Left,nonequal,2
https://amt-omiddavoodi.s3.us-east-2.amazonaws.com/ntask1/attempt19/6-deformable-prototree-imagenet.png,https://amt-omiddavoodi.s3.us-east-2.amazonaws.com/ntask1/attempt19/57-ace-tesnet-cub.png,https://amt-omiddavoodi.s3.us-east-2.amazonaws.com/ntask1/attempt19/2-protopnet-tesnet-cub.png,https://amt-omiddavoodi.s3.us-east-2.amazonaws.com/ntask1/attempt19/52-deformable-prototree-cub.png,https://amt-omiddavoodi.s3.us-east-2.amazonaws.com/ntask1/attempt16valid/37-ace-protopnet-cars.png,https://amt-omiddavoodi.s3.us-east-2.amazonaws.com/ntask1/attempt19/76-protopnet-tesnet-cars.png,https://amt-omiddavoodi.s3.us-east-2.amazonaws.com/ntask1/attempt19/68-prototree-protopnet-cub.png,https://amt-omiddavoodi.s3.us-east-2.amazonaws.com/ntask1/attempt19/17-prototree-ace-imagenet.png,https://amt-omiddavoodi.s3.us-east-2.amazonaws.com/ntask1/attempt19/18-prototree-sparrow-cars.png,https://amt-omiddavoodi.s3.us-east-2.amazonaws.com/ntask1/attempt16valid/59-prototree-sparrow-imagenet.png,Left,Left,Right,Left,Both,None,Right,Right,Left,Both,,x,,Left,Right,Left,Both,None,Right,Right,Left,Both,Left,Left,nonequal,2
https://amt-omiddavoodi.s3.us-east-2.amazonaws.com/ntask1/attempt19/67-ace-sparrow-cub.png,https://amt-omiddavoodi.s3.us-east-2.amazonaws.com/ntask1/attempt19/15-protopool-prototree-cars.png,https://amt-omiddavoodi.s3.us-east-2.amazonaws.com/ntask1/attempt19/66-tesnet-ace-cars.png,https://amt-omiddavoodi.s3.us-east-2.amazonaws.com/ntask1/attempt16valid/70-protopnet-sparrow-cub.png,https://amt-omiddavoodi.s3.us-east-2.amazonaws.com/ntask1/attempt16valid/8-protopool-tesnet-cub.png,https://amt-omiddavoodi.s3.us-east-2.amazonaws.com/ntask1/attempt19/75-protopnet-sparrow-cub.png,https://amt-omiddavoodi.s3.us-east-2.amazonaws.com/ntask1/attempt19/8-prototree-protopnet-imagenet.png,https://amt-omiddavoodi.s3.us-east-2.amazonaws.com/ntask1/attempt19/1-prototree-protopnet-cub.png,https://amt-omiddavoodi.s3.us-east-2.amazonaws.com/ntask1/attempt19/37-tesnet-prototree-cars.png,https://amt-omiddavoodi.s3.us-east-2.amazonaws.com/ntask1/attempt19/44-tesnet-protopool-imagenet.png,Left,Both,Right,Both,None,Both,Both,Both,None,Both,,x,,Left,Right,Both,None,Both,Both,Both,None,Both,Both,Both,nonequal,2
https://amt-omiddavoodi.s3.us-east-2.amazonaws.com/ntask1/attempt19/67-ace-sparrow-cub.png,https://amt-omiddavoodi.s3.us-east-2.amazonaws.com/ntask1/attempt19/15-protopool-prototree-cars.png,https://amt-omiddavoodi.s3.us-east-2.amazonaws.com/ntask1/attempt19/66-tesnet-ace-cars.png,https://amt-omiddavoodi.s3.us-east-2.amazonaws.com/ntask1/attempt16valid/70-protopnet-sparrow-cub.png,https://amt-omiddavoodi.s3.us-east-2.amazonaws.com/ntask1/attempt16valid/8-protopool-tesnet-cub.png,https://amt-omiddavoodi.s3.us-east-2.amazonaws.com/ntask1/attempt19/75-protopnet-sparrow-cub.png,https://amt-omiddavoodi.s3.us-east-2.amazonaws.com/ntask1/attempt19/8-prototree-protopnet-imagenet.png,https://amt-omiddavoodi.s3.us-east-2.amazonaws.com/ntask1/attempt19/1-prototree-protopnet-cub.png,https://amt-omiddavoodi.s3.us-east-2.amazonaws.com/ntask1/attempt19/37-tesnet-prototree-cars.png,https://amt-omiddavoodi.s3.us-east-2.amazonaws.com/ntask1/attempt19/44-tesnet-protopool-imagenet.png,Left,Both,Both,Both,None,Both,Both,Both,Left,Both,,x,,Left,Both,Both,None,Both,Both,Both,Left,Both,Both,Both,nonequal,2
https://amt-omiddavoodi.s3.us-east-2.amazonaws.com/ntask1/attempt19/67-ace-sparrow-cub.png,https://amt-omiddavoodi.s3.us-east-2.amazonaws.com/ntask1/attempt19/15-protopool-prototree-cars.png,https://amt-omiddavoodi.s3.us-east-2.amazonaws.com/ntask1/attempt19/66-tesnet-ace-cars.png,https://amt-omiddavoodi.s3.us-east-2.amazonaws.com/ntask1/attempt16valid/70-protopnet-sparrow-cub.png,https://amt-omiddavoodi.s3.us-east-2.amazonaws.com/ntask1/attempt16valid/8-protopool-tesnet-cub.png,https://amt-omiddavoodi.s3.us-east-2.amazonaws.com/ntask1/attempt19/75-protopnet-sparrow-cub.png,https://amt-omiddavoodi.s3.us-east-2.amazonaws.com/ntask1/attempt19/8-prototree-protopnet-imagenet.png,https://amt-omiddavoodi.s3.us-east-2.amazonaws.com/ntask1/attempt19/1-prototree-protopnet-cub.png,https://amt-omiddavoodi.s3.us-east-2.amazonaws.com/ntask1/attempt19/37-tesnet-prototree-cars.png,https://amt-omiddavoodi.s3.us-east-2.amazonaws.com/ntask1/attempt19/44-tesnet-protopool-imagenet.png,None,Both,Right,Both,None,Both,Left,Both,None,Both,,x,,None,Right,Both,None,Both,Left,Both,None,Both,Both,Both,nonequal,2
https://amt-omiddavoodi.s3.us-east-2.amazonaws.com/ntask1/attempt19/39-protopnet-prototree-cars.png,https://amt-omiddavoodi.s3.us-east-2.amazonaws.com/ntask1/attempt16valid/27-tesnet-ace-cars.png,https://amt-omiddavoodi.s3.us-east-2.amazonaws.com/ntask1/attempt19/47-protopnet-protopool-cars.png,https://amt-omiddavoodi.s3.us-east-2.amazonaws.com/ntask1/attempt19/42-ace-prototree-imagenet.png,https://amt-omiddavoodi.s3.us-east-2.amazonaws.com/ntask1/attempt19/62-deformable-ace-imagenet.png,https://amt-omiddavoodi.s3.us-east-2.amazonaws.com/ntask1/attempt19/32-deformable-sparrow-cars.png,https://amt-omiddavoodi.s3.us-east-2.amazonaws.com/ntask1/attempt19/60-tesnet-protopnet-imagenet.png,https://amt-omiddavoodi.s3.us-east-2.amazonaws.com/ntask1/attempt19/74-protopnet-protopool-cars.png,https://amt-omiddavoodi.s3.us-east-2.amazonaws.com/ntask1/attempt16valid/1-sparrow-tesnet-cars.png,https://amt-omiddavoodi.s3.us-east-2.amazonaws.com/ntask1/attempt19/26-protopnet-protopool-cars.png,Right,Left,Left,None,Both,Right,Left,Left,Right,Both,,x,,Right,Left,None,Both,Right,Left,Left,Right,Both,Left,Left,nonequal,1
https://amt-omiddavoodi.s3.us-east-2.amazonaws.com/ntask1/attempt19/39-protopnet-prototree-cars.png,https://amt-omiddavoodi.s3.us-east-2.amazonaws.com/ntask1/attempt16valid/27-tesnet-ace-cars.png,https://amt-omiddavoodi.s3.us-east-2.amazonaws.com/ntask1/attempt19/47-protopnet-protopool-cars.png,https://amt-omiddavoodi.s3.us-east-2.amazonaws.com/ntask1/attempt19/42-ace-prototree-imagenet.png,https://amt-omiddavoodi.s3.us-east-2.amazonaws.com/ntask1/attempt19/62-deformable-ace-imagenet.png,https://amt-omiddavoodi.s3.us-east-2.amazonaws.com/ntask1/attempt19/32-deformable-sparrow-cars.png,https://amt-omiddavoodi.s3.us-east-2.amazonaws.com/ntask1/attempt19/60-tesnet-protopnet-imagenet.png,https://amt-omiddavoodi.s3.us-east-2.amazonaws.com/ntask1/attempt19/74-protopnet-protopool-cars.png,https://amt-omiddavoodi.s3.us-east-2.amazonaws.com/ntask1/attempt16valid/1-sparrow-tesnet-cars.png,https://amt-omiddavoodi.s3.us-east-2.amazonaws.com/ntask1/attempt19/26-protopnet-protopool-cars.png,Right,Both,Left,Left,Both,Right,Left,Both,Right,Both,,x,,Right,Left,Left,Both,Right,Left,Both,Right,Both,Both,Both,nonequal,1
https://amt-omiddavoodi.s3.us-east-2.amazonaws.com/ntask1/attempt19/39-protopnet-prototree-cars.png,https://amt-omiddavoodi.s3.us-east-2.amazonaws.com/ntask1/attempt16valid/27-tesnet-ace-cars.png,https://amt-omiddavoodi.s3.us-east-2.amazonaws.com/ntask1/attempt19/47-protopnet-protopool-cars.png,https://amt-omiddavoodi.s3.us-east-2.amazonaws.com/ntask1/attempt19/42-ace-prototree-imagenet.png,https://amt-omiddavoodi.s3.us-east-2.amazonaws.com/ntask1/attempt19/62-deformable-ace-imagenet.png,https://amt-omiddavoodi.s3.us-east-2.amazonaws.com/ntask1/attempt19/32-deformable-sparrow-cars.png,https://amt-omiddavoodi.s3.us-east-2.amazonaws.com/ntask1/attempt19/60-tesnet-protopnet-imagenet.png,https://amt-omiddavoodi.s3.us-east-2.amazonaws.com/ntask1/attempt19/74-protopnet-protopool-cars.png,https://amt-omiddavoodi.s3.us-east-2.amazonaws.com/ntask1/attempt16valid/1-sparrow-tesnet-cars.png,https://amt-omiddavoodi.s3.us-east-2.amazonaws.com/ntask1/attempt19/26-protopnet-protopool-cars.png,Right,Left,Left,Left,Both,Right,Left,Left,Right,Both,,x,,Right,Left,Left,Both,Right,Left,Left,Right,Both,Left,Left,nonequal,1
https://amt-omiddavoodi.s3.us-east-2.amazonaws.com/ntask1/attempt19/29-deformable-prototree-cars.png,https://amt-omiddavoodi.s3.us-east-2.amazonaws.com/ntask1/attempt19/11-deformable-tesnet-imagenet.png,https://amt-omiddavoodi.s3.us-east-2.amazonaws.com/ntask1/attempt19/16-ace-protopool-imagenet.png,https://amt-omiddavoodi.s3.us-east-2.amazonaws.com/ntask1/attempt19/49-prototree-protopnet-cub.png,https://amt-omiddavoodi.s3.us-east-2.amazonaws.com/ntask1/attempt19/43-protopnet-sparrow-cub.png,https://amt-omiddavoodi.s3.us-east-2.amazonaws.com/ntask1/attempt19/34-ace-prototree-cars.png,https://amt-omiddavoodi.s3.us-east-2.amazonaws.com/ntask1/attempt16valid/27-deformable-sparrow-cub.png,https://amt-omiddavoodi.s3.us-east-2.amazonaws.com/ntask1/attempt19/69-prototree-sparrow-imagenet.png,https://amt-omiddavoodi.s3.us-east-2.amazonaws.com/ntask1/attempt16valid/52-protopnet-sparrow-cars.png,https://amt-omiddavoodi.s3.us-east-2.amazonaws.com/ntask1/attempt19/38-protopool-protopnet-cars.png,Right,Both,Right,Both,Both,Left,Both,None,Both,None,,x,,Right,Right,Both,Both,Left,Both,None,Both,None,Both,Both,nonequal,2
https://amt-omiddavoodi.s3.us-east-2.amazonaws.com/ntask1/attempt19/29-deformable-prototree-cars.png,https://amt-omiddavoodi.s3.us-east-2.amazonaws.com/ntask1/attempt19/11-deformable-tesnet-imagenet.png,https://amt-omiddavoodi.s3.us-east-2.amazonaws.com/ntask1/attempt19/16-ace-protopool-imagenet.png,https://amt-omiddavoodi.s3.us-east-2.amazonaws.com/ntask1/attempt19/49-prototree-protopnet-cub.png,https://amt-omiddavoodi.s3.us-east-2.amazonaws.com/ntask1/attempt19/43-protopnet-sparrow-cub.png,https://amt-omiddavoodi.s3.us-east-2.amazonaws.com/ntask1/attempt19/34-ace-prototree-cars.png,https://amt-omiddavoodi.s3.us-east-2.amazonaws.com/ntask1/attempt16valid/27-deformable-sparrow-cub.png,https://amt-omiddavoodi.s3.us-east-2.amazonaws.com/ntask1/attempt19/69-prototree-sparrow-imagenet.png,https://amt-omiddavoodi.s3.us-east-2.amazonaws.com/ntask1/attempt16valid/52-protopnet-sparrow-cars.png,https://amt-omiddavoodi.s3.us-east-2.amazonaws.com/ntask1/attempt19/38-protopool-protopnet-cars.png,Right,Both,Right,Both,Both,Left,Both,None,Both,None,,x,,Right,Right,Both,Both,Left,Both,None,Both,None,Both,Both,nonequal,2
https://amt-omiddavoodi.s3.us-east-2.amazonaws.com/ntask1/attempt19/29-deformable-prototree-cars.png,https://amt-omiddavoodi.s3.us-east-2.amazonaws.com/ntask1/attempt19/11-deformable-tesnet-imagenet.png,https://amt-omiddavoodi.s3.us-east-2.amazonaws.com/ntask1/attempt19/16-ace-protopool-imagenet.png,https://amt-omiddavoodi.s3.us-east-2.amazonaws.com/ntask1/attempt19/49-prototree-protopnet-cub.png,https://amt-omiddavoodi.s3.us-east-2.amazonaws.com/ntask1/attempt19/43-protopnet-sparrow-cub.png,https://amt-omiddavoodi.s3.us-east-2.amazonaws.com/ntask1/attempt19/34-ace-prototree-cars.png,https://amt-omiddavoodi.s3.us-east-2.amazonaws.com/ntask1/attempt16valid/27-deformable-sparrow-cub.png,https://amt-omiddavoodi.s3.us-east-2.amazonaws.com/ntask1/attempt19/69-prototree-sparrow-imagenet.png,https://amt-omiddavoodi.s3.us-east-2.amazonaws.com/ntask1/attempt16valid/52-protopnet-sparrow-cars.png,https://amt-omiddavoodi.s3.us-east-2.amazonaws.com/ntask1/attempt19/38-protopool-protopnet-cars.png,Right,Both,Right,Both,Right,Left,Both,None,Both,Left,,x,,Right,Right,Both,Right,Left,Both,None,Both,Left,Both,Both,nonequal,1
https://amt-omiddavoodi.s3.us-east-2.amazonaws.com/ntask1/attempt19/77-protopool-deformable-imagenet.png,https://amt-omiddavoodi.s3.us-east-2.amazonaws.com/ntask1/attempt19/24-sparrow-tesnet-cars.png,https://amt-omiddavoodi.s3.us-east-2.amazonaws.com/ntask1/attempt19/46-ace-protopnet-cars.png,https://amt-omiddavoodi.s3.us-east-2.amazonaws.com/ntask1/attempt16valid/78-sparrow-ace-cub.png,https://amt-omiddavoodi.s3.us-east-2.amazonaws.com/ntask1/attempt16valid/7-protopnet-deformable-cub.png,https://amt-omiddavoodi.s3.us-east-2.amazonaws.com/ntask1/attempt19/7-prototree-deformable-cub.png,https://amt-omiddavoodi.s3.us-east-2.amazonaws.com/ntask1/attempt19/78-deformable-protopool-cars.png,https://amt-omiddavoodi.s3.us-east-2.amazonaws.com/ntask1/attempt19/73-sparrow-ace-cub.png,https://amt-omiddavoodi.s3.us-east-2.amazonaws.com/ntask1/attempt19/3-sparrow-tesnet-cars.png,https://amt-omiddavoodi.s3.us-east-2.amazonaws.com/ntask1/attempt19/59-protopool-protopnet-cars.png,Left,None,Right,None,None,None,None,None,Left,Right,,x,,Left,Right,None,None,None,None,None,Left,Right,None,None,nonequal,2
https://amt-omiddavoodi.s3.us-east-2.amazonaws.com/ntask1/attempt19/77-protopool-deformable-imagenet.png,https://amt-omiddavoodi.s3.us-east-2.amazonaws.com/ntask1/attempt19/24-sparrow-tesnet-cars.png,https://amt-omiddavoodi.s3.us-east-2.amazonaws.com/ntask1/attempt19/46-ace-protopnet-cars.png,https://amt-omiddavoodi.s3.us-east-2.amazonaws.com/ntask1/attempt16valid/78-sparrow-ace-cub.png,https://amt-omiddavoodi.s3.us-east-2.amazonaws.com/ntask1/attempt16valid/7-protopnet-deformable-cub.png,https://amt-omiddavoodi.s3.us-east-2.amazonaws.com/ntask1/attempt19/7-prototree-deformable-cub.png,https://amt-omiddavoodi.s3.us-east-2.amazonaws.com/ntask1/attempt19/78-deformable-protopool-cars.png,https://amt-omiddavoodi.s3.us-east-2.amazonaws.com/ntask1/attempt19/73-sparrow-ace-cub.png,https://amt-omiddavoodi.s3.us-east-2.amazonaws.com/ntask1/attempt19/3-sparrow-tesnet-cars.png,https://amt-omiddavoodi.s3.us-east-2.amazonaws.com/ntask1/attempt19/59-protopool-protopnet-cars.png,Left,Both,Right,Left,Left,None,Right,Left,Both,Both,,x,,Left,Right,Left,Left,None,Right,Left,Both,Both,Both,Both,nonequal,1
https://amt-omiddavoodi.s3.us-east-2.amazonaws.com/ntask1/attempt19/77-protopool-deformable-imagenet.png,https://amt-omiddavoodi.s3.us-east-2.amazonaws.com/ntask1/attempt19/24-sparrow-tesnet-cars.png,https://amt-omiddavoodi.s3.us-east-2.amazonaws.com/ntask1/attempt19/46-ace-protopnet-cars.png,https://amt-omiddavoodi.s3.us-east-2.amazonaws.com/ntask1/attempt16valid/78-sparrow-ace-cub.png,https://amt-omiddavoodi.s3.us-east-2.amazonaws.com/ntask1/attempt16valid/7-protopnet-deformable-cub.png,https://amt-omiddavoodi.s3.us-east-2.amazonaws.com/ntask1/attempt19/7-prototree-deformable-cub.png,https://amt-omiddavoodi.s3.us-east-2.amazonaws.com/ntask1/attempt19/78-deformable-protopool-cars.png,https://amt-omiddavoodi.s3.us-east-2.amazonaws.com/ntask1/attempt19/73-sparrow-ace-cub.png,https://amt-omiddavoodi.s3.us-east-2.amazonaws.com/ntask1/attempt19/3-sparrow-tesnet-cars.png,https://amt-omiddavoodi.s3.us-east-2.amazonaws.com/ntask1/attempt19/59-protopool-protopnet-cars.png,Left,Right,Right,None,None,None,None,None,Left,Right,Right,x,,Left,Right,None,None,None,None,None,Left,Right,Right,Right,nonequal,2
https://amt-omiddavoodi.s3.us-east-2.amazonaws.com/ntask1/attempt19/48-deformable-sparrow-imagenet.png,https://amt-omiddavoodi.s3.us-east-2.amazonaws.com/ntask1/attempt19/31-ace-protopool-imagenet.png,https://amt-omiddavoodi.s3.us-east-2.amazonaws.com/ntask1/attempt16valid/8-sparrow-protopnet-cars.png,https://amt-omiddavoodi.s3.us-east-2.amazonaws.com/ntask1/attempt19/56-ace-protopool-imagenet.png,https://amt-omiddavoodi.s3.us-east-2.amazonaws.com/ntask1/attempt19/61-deformable-sparrow-cars.png,https://amt-omiddavoodi.s3.us-east-2.amazonaws.com/ntask1/attempt19/0-protopnet-ace-cars.png,https://amt-omiddavoodi.s3.us-east-2.amazonaws.com/ntask1/attempt19/13-sparrow-tesnet-cars.png,https://amt-omiddavoodi.s3.us-east-2.amazonaws.com/ntask1/attempt19/41-tesnet-protopool-cub.png,https://amt-omiddavoodi.s3.us-east-2.amazonaws.com/ntask1/attempt16valid/30-sparrow-deformable-cub.png,https://amt-omiddavoodi.s3.us-east-2.amazonaws.com/ntask1/attempt19/35-protopnet-protopool-cars.png,Right,None,Both,None,Both,Both,Right,Right,Both,None,,x,,Right,Both,None,Both,Both,Right,Right,Both,None,None,None,nonequal,2
https://amt-omiddavoodi.s3.us-east-2.amazonaws.com/ntask1/attempt19/48-deformable-sparrow-imagenet.png,https://amt-omiddavoodi.s3.us-east-2.amazonaws.com/ntask1/attempt19/31-ace-protopool-imagenet.png,https://amt-omiddavoodi.s3.us-east-2.amazonaws.com/ntask1/attempt16valid/8-sparrow-protopnet-cars.png,https://amt-omiddavoodi.s3.us-east-2.amazonaws.com/ntask1/attempt19/56-ace-protopool-imagenet.png,https://amt-omiddavoodi.s3.us-east-2.amazonaws.com/ntask1/attempt19/61-deformable-sparrow-cars.png,https://amt-omiddavoodi.s3.us-east-2.amazonaws.com/ntask1/attempt19/0-protopnet-ace-cars.png,https://amt-omiddavoodi.s3.us-east-2.amazonaws.com/ntask1/attempt19/13-sparrow-tesnet-cars.png,https://amt-omiddavoodi.s3.us-east-2.amazonaws.com/ntask1/attempt19/41-tesnet-protopool-cub.png,https://amt-omiddavoodi.s3.us-east-2.amazonaws.com/ntask1/attempt16valid/30-sparrow-deformable-cub.png,https://amt-omiddavoodi.s3.us-east-2.amazonaws.com/ntask1/attempt19/35-protopnet-protopool-cars.png,Right,None,Both,None,Both,Both,Right,Right,Both,None,,x,,Right,Both,None,Both,Both,Right,Right,Both,None,None,None,nonequal,2
https://amt-omiddavoodi.s3.us-east-2.amazonaws.com/ntask1/attempt19/48-deformable-sparrow-imagenet.png,https://amt-omiddavoodi.s3.us-east-2.amazonaws.com/ntask1/attempt19/31-ace-protopool-imagenet.png,https://amt-omiddavoodi.s3.us-east-2.amazonaws.com/ntask1/attempt16valid/8-sparrow-protopnet-cars.png,https://amt-omiddavoodi.s3.us-east-2.amazonaws.com/ntask1/attempt19/56-ace-protopool-imagenet.png,https://amt-omiddavoodi.s3.us-east-2.amazonaws.com/ntask1/attempt19/61-deformable-sparrow-cars.png,https://amt-omiddavoodi.s3.us-east-2.amazonaws.com/ntask1/attempt19/0-protopnet-ace-cars.png,https://amt-omiddavoodi.s3.us-east-2.amazonaws.com/ntask1/attempt19/13-sparrow-tesnet-cars.png,https://amt-omiddavoodi.s3.us-east-2.amazonaws.com/ntask1/attempt19/41-tesnet-protopool-cub.png,https://amt-omiddavoodi.s3.us-east-2.amazonaws.com/ntask1/attempt16valid/30-sparrow-deformable-cub.png,https://amt-omiddavoodi.s3.us-east-2.amazonaws.com/ntask1/attempt19/35-protopnet-protopool-cars.png,None,None,Both,None,Both,Both,Right,Both,Both,None,,x,,None,Both,None,Both,Both,Right,Both,Both,None,None,None,nonequal,2
https://amt-omiddavoodi.s3.us-east-2.amazonaws.com/ntask1/attempt16valid/46-protopool-tesnet-cub.png,https://amt-omiddavoodi.s3.us-east-2.amazonaws.com/ntask1/attempt19/19-deformable-tesnet-imagenet.png,https://amt-omiddavoodi.s3.us-east-2.amazonaws.com/ntask1/attempt19/72-tesnet-sparrow-cub.png,https://amt-omiddavoodi.s3.us-east-2.amazonaws.com/ntask1/attempt19/54-sparrow-prototree-cub.png,https://amt-omiddavoodi.s3.us-east-2.amazonaws.com/ntask1/attempt19/53-deformable-sparrow-cars.png,https://amt-omiddavoodi.s3.us-east-2.amazonaws.com/ntask1/attempt19/28-protopnet-deformable-cars.png,https://amt-omiddavoodi.s3.us-east-2.amazonaws.com/ntask1/attempt19/14-protopool-prototree-cars.png,https://amt-omiddavoodi.s3.us-east-2.amazonaws.com/ntask1/attempt19/21-ace-sparrow-cub.png,https://amt-omiddavoodi.s3.us-east-2.amazonaws.com/ntask1/attempt16valid/89-protopnet-ace-cub.png,https://amt-omiddavoodi.s3.us-east-2.amazonaws.com/ntask1/attempt19/36-ace-protopnet-cub.png,Right,Both,Right,Left,Right,Left,None,Right,None,None,,x,,Right,Right,Left,Right,Left,None,Right,None,None,Both,Both,nonequal,2
https://amt-omiddavoodi.s3.us-east-2.amazonaws.com/ntask1/attempt16valid/46-protopool-tesnet-cub.png,https://amt-omiddavoodi.s3.us-east-2.amazonaws.com/ntask1/attempt19/19-deformable-tesnet-imagenet.png,https://amt-omiddavoodi.s3.us-east-2.amazonaws.com/ntask1/attempt19/72-tesnet-sparrow-cub.png,https://amt-omiddavoodi.s3.us-east-2.amazonaws.com/ntask1/attempt19/54-sparrow-prototree-cub.png,https://amt-omiddavoodi.s3.us-east-2.amazonaws.com/ntask1/attempt19/53-deformable-sparrow-cars.png,https://amt-omiddavoodi.s3.us-east-2.amazonaws.com/ntask1/attempt19/28-protopnet-deformable-cars.png,https://amt-omiddavoodi.s3.us-east-2.amazonaws.com/ntask1/attempt19/14-protopool-prototree-cars.png,https://amt-omiddavoodi.s3.us-east-2.amazonaws.com/ntask1/attempt19/21-ace-sparrow-cub.png,https://amt-omiddavoodi.s3.us-east-2.amazonaws.com/ntask1/attempt16valid/89-protopnet-ace-cub.png,https://amt-omiddavoodi.s3.us-east-2.amazonaws.com/ntask1/attempt19/36-ace-protopnet-cub.png,Right,Both,Right,Left,Right,Left,Both,Both,None,None,,x,,Right,Right,Left,Right,Left,Both,Both,None,None,Both,Both,nonequal,2
https://amt-omiddavoodi.s3.us-east-2.amazonaws.com/ntask1/attempt16valid/46-protopool-tesnet-cub.png,https://amt-omiddavoodi.s3.us-east-2.amazonaws.com/ntask1/attempt19/19-deformable-tesnet-imagenet.png,https://amt-omiddavoodi.s3.us-east-2.amazonaws.com/ntask1/attempt19/72-tesnet-sparrow-cub.png,https://amt-omiddavoodi.s3.us-east-2.amazonaws.com/ntask1/attempt19/54-sparrow-prototree-cub.png,https://amt-omiddavoodi.s3.us-east-2.amazonaws.com/ntask1/attempt19/53-deformable-sparrow-cars.png,https://amt-omiddavoodi.s3.us-east-2.amazonaws.com/ntask1/attempt19/28-protopnet-deformable-cars.png,https://amt-omiddavoodi.s3.us-east-2.amazonaws.com/ntask1/attempt19/14-protopool-prototree-cars.png,https://amt-omiddavoodi.s3.us-east-2.amazonaws.com/ntask1/attempt19/21-ace-sparrow-cub.png,https://amt-omiddavoodi.s3.us-east-2.amazonaws.com/ntask1/attempt16valid/89-protopnet-ace-cub.png,https://amt-omiddavoodi.s3.us-east-2.amazonaws.com/ntask1/attempt19/36-ace-protopnet-cub.png,Right,Both,Right,Left,Right,Left,Both,Both,None,None,,x,,Right,Right,Left,Right,Left,Both,Both,None,None,Both,Both,nonequal,2
https://amt-omiddavoodi.s3.us-east-2.amazonaws.com/ntask1/attempt19/50-prototree-tesnet-imagenet.png,https://amt-omiddavoodi.s3.us-east-2.amazonaws.com/ntask1/attempt19/79-sparrow-protopnet-cars.png,https://amt-omiddavoodi.s3.us-east-2.amazonaws.com/ntask1/attempt19/55-tesnet-prototree-cub.png,https://amt-omiddavoodi.s3.us-east-2.amazonaws.com/ntask1/attempt16valid/75-sparrow-prototree-cub.png,https://amt-omiddavoodi.s3.us-east-2.amazonaws.com/ntask1/attempt19/9-protopnet-protopool-imagenet.png,https://amt-omiddavoodi.s3.us-east-2.amazonaws.com/ntask1/attempt19/71-protopnet-protopool-imagenet.png,https://amt-omiddavoodi.s3.us-east-2.amazonaws.com/ntask1/attempt16valid/8-sparrow-protopnet-cars.png,https://amt-omiddavoodi.s3.us-east-2.amazonaws.com/ntask1/attempt19/33-tesnet-deformable-imagenet.png,https://amt-omiddavoodi.s3.us-east-2.amazonaws.com/ntask1/attempt19/45-tesnet-ace-cub.png,https://amt-omiddavoodi.s3.us-east-2.amazonaws.com/ntask1/attempt19/30-deformable-protopool-imagenet.png,Both,Right,None,Both,Right,Both,Both,None,Left,Both,,x,,Both,None,Both,Right,Both,Both,None,Left,Both,Right,Right,nonequal,2
https://amt-omiddavoodi.s3.us-east-2.amazonaws.com/ntask1/attempt19/50-prototree-tesnet-imagenet.png,https://amt-omiddavoodi.s3.us-east-2.amazonaws.com/ntask1/attempt19/79-sparrow-protopnet-cars.png,https://amt-omiddavoodi.s3.us-east-2.amazonaws.com/ntask1/attempt19/55-tesnet-prototree-cub.png,https://amt-omiddavoodi.s3.us-east-2.amazonaws.com/ntask1/attempt16valid/75-sparrow-prototree-cub.png,https://amt-omiddavoodi.s3.us-east-2.amazonaws.com/ntask1/attempt19/9-protopnet-protopool-imagenet.png,https://amt-omiddavoodi.s3.us-east-2.amazonaws.com/ntask1/attempt19/71-protopnet-protopool-imagenet.png,https://amt-omiddavoodi.s3.us-east-2.amazonaws.com/ntask1/attempt16valid/8-sparrow-protopnet-cars.png,https://amt-omiddavoodi.s3.us-east-2.amazonaws.com/ntask1/attempt19/33-tesnet-deformable-imagenet.png,https://amt-omiddavoodi.s3.us-east-2.amazonaws.com/ntask1/attempt19/45-tesnet-ace-cub.png,https://amt-omiddavoodi.s3.us-east-2.amazonaws.com/ntask1/attempt19/30-deformable-protopool-imagenet.png,Both,Right,Left,Both,Right,Both,Both,None,Left,Both,,x,,Both,Left,Both,Right,Both,Both,None,Left,Both,Right,Right,nonequal,2
https://amt-omiddavoodi.s3.us-east-2.amazonaws.com/ntask1/attempt19/50-prototree-tesnet-imagenet.png,https://amt-omiddavoodi.s3.us-east-2.amazonaws.com/ntask1/attempt19/79-sparrow-protopnet-cars.png,https://amt-omiddavoodi.s3.us-east-2.amazonaws.com/ntask1/attempt19/55-tesnet-prototree-cub.png,https://amt-omiddavoodi.s3.us-east-2.amazonaws.com/ntask1/attempt16valid/75-sparrow-prototree-cub.png,https://amt-omiddavoodi.s3.us-east-2.amazonaws.com/ntask1/attempt19/9-protopnet-protopool-imagenet.png,https://amt-omiddavoodi.s3.us-east-2.amazonaws.com/ntask1/attempt19/71-protopnet-protopool-imagenet.png,https://amt-omiddavoodi.s3.us-east-2.amazonaws.com/ntask1/attempt16valid/8-sparrow-protopnet-cars.png,https://amt-omiddavoodi.s3.us-east-2.amazonaws.com/ntask1/attempt19/33-tesnet-deformable-imagenet.png,https://amt-omiddavoodi.s3.us-east-2.amazonaws.com/ntask1/attempt19/45-tesnet-ace-cub.png,https://amt-omiddavoodi.s3.us-east-2.amazonaws.com/ntask1/attempt19/30-deformable-protopool-imagenet.png,Both,Right,Left,Both,Right,Both,Both,None,Left,Both,,x,,Both,Left,Both,Right,Both,Both,None,Left,Both,Right,Right,nonequal,2
https://amt-omiddavoodi.s3.us-east-2.amazonaws.com/ntask1/attempt19/58-tesnet-sparrow-cub.png,https://amt-omiddavoodi.s3.us-east-2.amazonaws.com/ntask1/attempt19/70-protopool-sparrow-imagenet.png,https://amt-omiddavoodi.s3.us-east-2.amazonaws.com/ntask1/attempt16valid/1-sparrow-tesnet-cars.png,https://amt-omiddavoodi.s3.us-east-2.amazonaws.com/ntask1/attempt19/12-deformable-prototree-imagenet.png,https://amt-omiddavoodi.s3.us-east-2.amazonaws.com/ntask1/attempt19/22-prototree-protopool-cars.png,https://amt-omiddavoodi.s3.us-east-2.amazonaws.com/ntask1/attempt19/64-prototree-protopool-imagenet.png,https://amt-omiddavoodi.s3.us-east-2.amazonaws.com/ntask1/attempt19/25-prototree-sparrow-cub.png,https://amt-omiddavoodi.s3.us-east-2.amazonaws.com/ntask1/attempt19/4-protopnet-sparrow-cars.png,https://amt-omiddavoodi.s3.us-east-2.amazonaws.com/ntask1/attempt16valid/21-protopnet-sparrow-cub.png,https://amt-omiddavoodi.s3.us-east-2.amazonaws.com/ntask1/attempt19/63-protopnet-deformable-cub.png,Both,Both,Both,Both,Right,Left,Both,Left,None,None,,x,,Both,Both,Both,Right,Left,Both,Left,None,None,Both,Both,nonequal,2
https://amt-omiddavoodi.s3.us-east-2.amazonaws.com/ntask1/attempt19/58-tesnet-sparrow-cub.png,https://amt-omiddavoodi.s3.us-east-2.amazonaws.com/ntask1/attempt19/70-protopool-sparrow-imagenet.png,https://amt-omiddavoodi.s3.us-east-2.amazonaws.com/ntask1/attempt16valid/1-sparrow-tesnet-cars.png,https://amt-omiddavoodi.s3.us-east-2.amazonaws.com/ntask1/attempt19/12-deformable-prototree-imagenet.png,https://amt-omiddavoodi.s3.us-east-2.amazonaws.com/ntask1/attempt19/22-prototree-protopool-cars.png,https://amt-omiddavoodi.s3.us-east-2.amazonaws.com/ntask1/attempt19/64-prototree-protopool-imagenet.png,https://amt-omiddavoodi.s3.us-east-2.amazonaws.com/ntask1/attempt19/25-prototree-sparrow-cub.png,https://amt-omiddavoodi.s3.us-east-2.amazonaws.com/ntask1/attempt19/4-protopnet-sparrow-cars.png,https://amt-omiddavoodi.s3.us-east-2.amazonaws.com/ntask1/attempt16valid/21-protopnet-sparrow-cub.png,https://amt-omiddavoodi.s3.us-east-2.amazonaws.com/ntask1/attempt19/63-protopnet-deformable-cub.png,Both,Both,Both,Both,Right,Left,Both,Left,Right,None,,x,,Both,Both,Both,Right,Left,Both,Left,Right,None,Both,Both,nonequal,2
https://amt-omiddavoodi.s3.us-east-2.amazonaws.com/ntask1/attempt19/58-tesnet-sparrow-cub.png,https://amt-omiddavoodi.s3.us-east-2.amazonaws.com/ntask1/attempt19/70-protopool-sparrow-imagenet.png,https://amt-omiddavoodi.s3.us-east-2.amazonaws.com/ntask1/attempt16valid/1-sparrow-tesnet-cars.png,https://amt-omiddavoodi.s3.us-east-2.amazonaws.com/ntask1/attempt19/12-deformable-prototree-imagenet.png,https://amt-omiddavoodi.s3.us-east-2.amazonaws.com/ntask1/attempt19/22-prototree-protopool-cars.png,https://amt-omiddavoodi.s3.us-east-2.amazonaws.com/ntask1/attempt19/64-prototree-protopool-imagenet.png,https://amt-omiddavoodi.s3.us-east-2.amazonaws.com/ntask1/attempt19/25-prototree-sparrow-cub.png,https://amt-omiddavoodi.s3.us-east-2.amazonaws.com/ntask1/attempt19/4-protopnet-sparrow-cars.png,https://amt-omiddavoodi.s3.us-east-2.amazonaws.com/ntask1/attempt16valid/21-protopnet-sparrow-cub.png,https://amt-omiddavoodi.s3.us-east-2.amazonaws.com/ntask1/attempt19/63-protopnet-deformable-cub.png,Both,Both,Both,Both,Right,Left,Both,Left,None,None,,x,,Both,Both,Both,Right,Left,Both,Left,None,None,Both,Both,nonequal,2
https://amt-omiddavoodi.s3.us-east-2.amazonaws.com/ntask1/attempt19/40-prototree-ace-cars.png,https://amt-omiddavoodi.s3.us-east-2.amazonaws.com/ntask1/attempt19/27-deformable-sparrow-cub.png,https://amt-omiddavoodi.s3.us-east-2.amazonaws.com/ntask1/attempt19/20-protopnet-sparrow-cub.png,https://amt-omiddavoodi.s3.us-east-2.amazonaws.com/ntask1/attempt16valid/59-prototree-sparrow-imagenet.png,https://amt-omiddavoodi.s3.us-east-2.amazonaws.com/ntask1/attempt19/5-prototree-protopnet-cub.png,https://amt-omiddavoodi.s3.us-east-2.amazonaws.com/ntask1/attempt19/51-sparrow-deformable-imagenet.png,https://amt-omiddavoodi.s3.us-east-2.amazonaws.com/ntask1/attempt19/10-ace-deformable-imagenet.png,https://amt-omiddavoodi.s3.us-east-2.amazonaws.com/ntask1/attempt19/23-protopnet-ace-imagenet.png,https://amt-omiddavoodi.s3.us-east-2.amazonaws.com/ntask1/attempt19/65-prototree-protopnet-cars.png,https://amt-omiddavoodi.s3.us-east-2.amazonaws.com/ntask1/attempt16valid/52-protopnet-sparrow-cars.png,Left,None,Left,Both,Left,Right,None,Left,Both,Both,,x,,Left,Left,Both,Left,Right,None,Left,Both,Both,None,None,nonequal,2
https://amt-omiddavoodi.s3.us-east-2.amazonaws.com/ntask1/attempt19/40-prototree-ace-cars.png,https://amt-omiddavoodi.s3.us-east-2.amazonaws.com/ntask1/attempt19/27-deformable-sparrow-cub.png,https://amt-omiddavoodi.s3.us-east-2.amazonaws.com/ntask1/attempt19/20-protopnet-sparrow-cub.png,https://amt-omiddavoodi.s3.us-east-2.amazonaws.com/ntask1/attempt16valid/59-prototree-sparrow-imagenet.png,https://amt-omiddavoodi.s3.us-east-2.amazonaws.com/ntask1/attempt19/5-prototree-protopnet-cub.png,https://amt-omiddavoodi.s3.us-east-2.amazonaws.com/ntask1/attempt19/51-sparrow-deformable-imagenet.png,https://amt-omiddavoodi.s3.us-east-2.amazonaws.com/ntask1/attempt19/10-ace-deformable-imagenet.png,https://amt-omiddavoodi.s3.us-east-2.amazonaws.com/ntask1/attempt19/23-protopnet-ace-imagenet.png,https://amt-omiddavoodi.s3.us-east-2.amazonaws.com/ntask1/attempt19/65-prototree-protopnet-cars.png,https://amt-omiddavoodi.s3.us-east-2.amazonaws.com/ntask1/attempt16valid/52-protopnet-sparrow-cars.png,Left,None,Left,Both,Left,Right,Left,Left,Both,Both,,x,,Left,Left,Both,Left,Right,Left,Left,Both,Both,None,None,nonequal,2
https://amt-omiddavoodi.s3.us-east-2.amazonaws.com/ntask1/attempt19/40-prototree-ace-cars.png,https://amt-omiddavoodi.s3.us-east-2.amazonaws.com/ntask1/attempt19/27-deformable-sparrow-cub.png,https://amt-omiddavoodi.s3.us-east-2.amazonaws.com/ntask1/attempt19/20-protopnet-sparrow-cub.png,https://amt-omiddavoodi.s3.us-east-2.amazonaws.com/ntask1/attempt16valid/59-prototree-sparrow-imagenet.png,https://amt-omiddavoodi.s3.us-east-2.amazonaws.com/ntask1/attempt19/5-prototree-protopnet-cub.png,https://amt-omiddavoodi.s3.us-east-2.amazonaws.com/ntask1/attempt19/51-sparrow-deformable-imagenet.png,https://amt-omiddavoodi.s3.us-east-2.amazonaws.com/ntask1/attempt19/10-ace-deformable-imagenet.png,https://amt-omiddavoodi.s3.us-east-2.amazonaws.com/ntask1/attempt19/23-protopnet-ace-imagenet.png,https://amt-omiddavoodi.s3.us-east-2.amazonaws.com/ntask1/attempt19/65-prototree-protopnet-cars.png,https://amt-omiddavoodi.s3.us-east-2.amazonaws.com/ntask1/attempt16valid/52-protopnet-sparrow-cars.png,Left,Left,Left,Both,Left,Right,Left,Left,Both,Both,,x,,Left,Left,Both,Left,Right,Left,Left,Both,Both,Left,Left,nonequal,1
